test_image,similar_image0,similar_image1,similar_image2,similar_image3,similar_image4,similar_image5,similar_image6,similar_image7,similar_image8,similar_image9,similar_image10,similar_image11,similar_image12,similar_image13,similar_image14,similar_image15,similar_image16,similar_image17,similar_image18,similar_image19
image-20210928-102713-12d2869d.jpg,M9241UWHCM35R.jpeg,M0538OCALM52R.jpeg,M0538OCALM35R.jpeg,M9241WNGIM35R.jpeg,M9242WNGIM35R.jpeg,M565SPLAAXM574.jpeg,S0856OAATM37O.jpeg,M500SJAAUXM334.jpeg,M0505OOCCM14F.jpeg,M0538OCALM42R.jpeg,M500SPAAWXM16Y.jpeg,M500SJAZEXM10V.jpeg,M500SPAHKXM55H.jpeg,M0500PAUGXM334.jpeg,M505SJAZEXM334.jpeg,M505SOAZEXM334.jpeg,M0500PAAUXM21Y.jpeg,M9241UWHCM68P.jpeg,M0500PLAAXM334.jpeg,S0204OVRBM50R.jpeg
image-20210928-102718-2474636a.jpg,M0505ILOIM41G.jpeg,M0505SLOIM989.jpeg,M0505OLMJXM090.jpeg,M0500PAZEXM31G.jpeg,M500SPAZEXM31G.jpeg,M0540INEAM41G.jpeg,M0505PCALM010.jpeg,M505SPAHKXM423.jpeg,M0505OAJXM36E.jpeg,M0505ILOIM030.jpeg,M0531OLDPXM090.jpeg,M565SPLDPXM13L.jpeg,M0531NWDDM900.jpeg,M0565PLDPXM13L.jpeg,M500SOAWAXM41G.jpeg,M505SPCHFXM030.jpeg,M500SOAAWXM79B.jpeg,M0500OLMJXM13L.jpeg,M0500OAAWXM79B.jpeg,M531SPCHFXM030.jpeg
image-20210928-102721-8eaea48f.jpg,S0204PAHKXM61P.jpeg,S204SPAHKXM61P.jpeg,M8641UAYCM925.jpeg,S0204OAHKXM61P.jpeg,S0204JANHXM07J.jpeg,M500SJAAUXM01B.jpeg,M531SJAAUXM43R.jpeg,M8641ULJGM889.jpeg,M9242UWHCM35U.jpeg,M8641UPZGM889.jpeg,S0020PVRBM414.jpeg,M500SPAUGXM01B.jpeg,S0011ONMJM77P.jpeg,S204SJAHKXM821.jpeg,M0505OOCCM43M.jpeg,M9242BWDEM090.jpeg,M0500OCYMXM90B.jpeg,M0500JAAUXM90B.jpeg,M8641UAYCM62E.jpeg,M500SPCYMXM900.jpeg
image-20210928-102725-7e28b44c.jpg,M9204UMOAM918.jpeg,M9204UCYMXM85B.jpeg,KCK278BCRS29W.jpeg,M9203UAHKXM50P.jpeg,M9203UAAUXM900.jpeg,S2088UMMWM900.jpeg,M9203UAJJM889.jpeg,M9203UAHKXM50R.jpeg,S5628CNPYM50P.jpeg,M9204UPBVM16E.jpeg,M1293VRIWM928.jpeg,M500SPLERXM423.jpeg,KCB777PGOS900.jpeg,M0500PAAWXM423.jpeg,M0505PAAUXM66F.jpeg,M0500OAAUXM66F.jpeg,M505SPCHFXM030.jpeg,M9203ULERXM334.jpeg,M0505JLERXM49P.jpeg,M500SPLAAXM574.jpeg
image-20210928-102729-f53d9faf.jpg,M9203UAHKXM50P.jpeg,S7016CVQRM030.jpeg,M9204UMOAM918.jpeg,M8641UAYCM925.jpeg,S2136UWGNM920.jpeg,M9203UYECM90B.jpeg,S2058JFIAM884.jpeg,M9204UCYMXM85B.jpeg,M7003OWEBM20G.jpeg,S7014CVYIM20G.jpeg,M9203UCYMXM010.jpeg,M0505PAAUXM66F.jpeg,M9206ULMJM17L.jpeg,S5628CNPYM50P.jpeg,S0311OVKQM04J.jpeg,M500SPAAWXM16Y.jpeg,M9203UAJJM889.jpeg,M0505OAAWXM16Y.jpeg,S204SJAHGXM225.jpeg,M0505PLERXM49P.jpeg
image-20210928-102732-8502aded.jpg,KDQ754PGPS900.jpeg,KCQ751FLHS39R.jpeg,KDV042VNIS900.jpeg,KCB384VNRS03W.jpeg,M0565OTQGM941.jpeg,M0565SRBFM911.jpeg,KDC201VNRS03W.jpeg,M505SJAAUXM21Y.jpeg,M505SOAZEXM225.jpeg,KCB777PGOS900.jpeg,M0531JAWAXM428.jpeg,M0505ORQNM76E.jpeg,M505SOLAAXM282.jpeg,M505SJAWAXM428.jpeg,M0565JAWAXM428.jpeg,KCP867MLUS72K.jpeg,M531SJAAWXM55H.jpeg,M0531OWCBM26Y.jpeg,M505SPAWAXM253.jpeg,M565SOAAUXM21Y.jpeg
image-20210928-102747-05631ad4.jpg,M9203UMOSM381.jpeg,M505SJAAWXM61P.jpeg,M0598VRMIM06E.jpeg,M9203UWFOM76E.jpeg,S2057OBAEM41G.jpeg,M0505JAHKXM61P.jpeg,S2110UMOSM49P.jpeg,M0505PAHKXM821.jpeg,S0074OTYGM886.jpeg,M0505JAAWXM61P.jpeg,M0505PAHGXM50R.jpeg,M0505PAAUXM66F.jpeg,S5659CCEHM90B.jpeg,M9203JKARM49P.jpeg,M0505OAAWXM50P.jpeg,M9203UAAUXM900.jpeg,S5652CBAAM41G.jpeg,M0421OWENM19J.jpeg,M0505OAAWXM423.jpeg,M9204UAYCM61E.jpeg
image-20210928-102758-fd41d453.jpg,M9206ULMJM17L.jpeg,M9204UAHKXM716.jpeg,M0505SNEAM900.jpeg,M9206UPIXM914.jpeg,M0505PRSTM939.jpeg,B0077UVWVM01Z.jpeg,M9204USJCM928.jpeg,M500SPAAWXM16Y.jpeg,M9204UAYCM61E.jpeg,M9241UJALM042.jpeg,M9242UAYCM808.jpeg,M9203UAAUXM900.jpeg,S0007OVRBM900.jpeg,M0505OOCCM50H.jpeg,M0505OLAAXM42R.jpeg,M0500OCYMXM90B.jpeg,M0500PAAUXM21Y.jpeg,M531SJAAUXM43R.jpeg,M505SPCHFXM030.jpeg,M0505OOCCM43M.jpeg
image-20210928-102802-39d3c54f.jpg,M1286ZRHZM911.jpeg,M1286VLLPM911.jpeg,M0565ORZBM884.jpeg,S5475ZRIWM974.jpeg,M1296ZROMM928.jpeg,M1286ZRGOM928.jpeg,M1272ZTYKM887.jpeg,M0505ORBTM911.jpeg,M0565ORHMM918.jpeg,M1286ZJAIM884.jpeg,S5555CRHMM918.jpeg,M0565ORTNM918.jpeg,M1296ZRWDM918.jpeg,M505SOAZEXM225.jpeg,M1286ZRHMM918.jpeg,M0505ORQNM76E.jpeg,M0565OTQGM941.jpeg,M5870VRNJM939.jpeg,M1296ZEPRM941.jpeg,M1286ZJOVM928.jpeg
image-20210928-102806-79d7094b.jpg,M1286ZRGOM928.jpeg,M0565ORHMM918.jpeg,S5418VRIWM928.jpeg,M1296ZROMM928.jpeg,M1286VLLPM911.jpeg,M0565ORZBM884.jpeg,S5414CTZQM928.jpeg,M1286ZRLDM976.jpeg,S5494UTEUM928.jpeg,M1286ZTGRM928.jpeg,M1286ZRHMM918.jpeg,S204SJAHGXM04B.jpeg,M0505CJJSXM941.jpeg,M505SJAHGXM550.jpeg,M0565SRBFM911.jpeg,S5611CTZQM928.jpeg,M0505OMAZM918.jpeg,M0565ORTNM918.jpeg,M0565ORWLM33E.jpeg,S5673CTZQM928.jpeg
image-20210928-102940-20cd277d.jpg,COLORQ1FWMVC.jpeg,COLORQ1DDBSQ.jpeg,EVDRSUQRB0G0.jpeg,30MTSUR14A0.jpeg,CAMP0Z3ZK.jpeg,EVDRS1UQRB0G0.jpeg,DIRECTIONDM2A9.jpeg,DSGTR1UXR10A0.jpeg,30MTS4UXGF0GP.jpeg,LINK18079O.jpeg,30MNTGN8072K.jpeg,DSGTS7FXR10A0.jpeg,30MTSUMR41A0.jpeg,BOBYR1UXR42FR.jpeg,DIORCLAN108686.jpeg,30MNTGNSZJ1I.jpeg,DSGTA1UXR10A0.jpeg,SOCIETY2FDDB86.jpeg,30MTBUXR55F1.jpeg,30MNTGN11EDO7.jpeg
image-20210928-103146-c8d2fedb.jpg,M0446CCEHM900.jpeg,S5632CWVGM85B.jpeg,B0049CNOHM911.jpeg,S5652CCEHM900.jpeg,M0446CBAAM900.jpeg,M9220UPGOM900.jpeg,M9204UCYMXM85B.jpeg,M0446CWVGM900.jpeg,KCQ730CQCS900.jpeg,M0446CWAHM989.jpeg,M0446CTGUM924.jpeg,M0446CTZQM989.jpeg,KCB460GGNS900.jpeg,S5681CCEHM81B.jpeg,KCQ351LNYS29X.jpeg,S5652CBAAM41G.jpeg,M0446CAPWM936.jpeg,M0579SLOCM989.jpeg,M0446CSJGM45E.jpeg,M0447CANWM43R.jpeg
image-20210928-103157-a46cc321.jpg,30MTSUR14A0.jpeg,S2136UWGNM920.jpeg,327B20A3141X9330.jpeg,144S88AM603X0854.jpeg,11FUR400G801C540.jpeg,054E01AM521X3829.jpeg,CLUBM2UXT31B8.jpeg,EVDRS1UQRB0G0.jpeg,241B05A7729X9000.jpeg,30MNTGN8072K.jpeg,COLORQ1DDBSQ.jpeg,COLORQ1FWMVC.jpeg,STELLAIO3SJ5GKU.jpeg,224S34AM011X5855.jpeg,141G12A1342X5848.jpeg,30MTS4UXGF0GP.jpeg,323T09A4428X0200.jpeg,241B61A3504X0863.jpeg,DSGTA3UXRB0B0.jpeg,30MTSUMR41A0.jpeg
image-20210928-103200-ce51703f.jpg,S9199CMETM14J.jpeg,COLORQ1FWMVC.jpeg,S5545CGSBM90B.jpeg,E1439TRIFWD332.jpeg,S9166OMETM196.jpeg,DIORCLAN2J5G1I.jpeg,V0714CDLCYD301.jpeg,30MTSUMR41A0.jpeg,COLORQ1DDBSQ.jpeg,M0505PAUGXM90B.jpeg,CDBZ120030000.jpeg,E1012ABCRSD301.jpeg,041B22A1212X9000.jpeg,11FUR400G801C540.jpeg,CLUBM2UXT31B8.jpeg,S9219PMETM196.jpeg,141G12A1342X5848.jpeg,M9204UMOAM918.jpeg,R0711RNDCYD301.jpeg,S0328OSKNM87K.jpeg
image-20210928-103217-38e9a47d.jpg,M0500PCYMXM90B.jpeg,M0505SNEAM900.jpeg,M0540INEAM41G.jpeg,M0505SLOIM989.jpeg,M0598VRMIM06E.jpeg,M7003OWEBM20G.jpeg,M0531NWDDM900.jpeg,M566SOAUGXM01B.jpeg,M0538ILOIM94B.jpeg,M0531PAZAXM941.jpeg,M0565BJHMXM911.jpeg,M0505PCALM900.jpeg,CAL44551M83B.jpeg,M0500PAAWXM423.jpeg,M0566PAWAXM010.jpeg,M0500OAAWXM79B.jpeg,M566SOAWAXM85B.jpeg,M0579SLOCM989.jpeg,M565SPLDPXM13L.jpeg,M0566PAWAXM90B.jpeg
image-20210928-103240-bd2d326b.jpg,M9203UAAUXM900.jpeg,M0566OCALM85B.jpeg,CAL44551M83B.jpeg,M566SOAUGXM01B.jpeg,M0500OCYMXM90B.jpeg,M0505OLEZM81B.jpeg,M0505OOCCM50H.jpeg,M0500JAAUXM90B.jpeg,M0566ONGEM900.jpeg,M9204UAYCM61E.jpeg,M0538OCALM90B.jpeg,M505SJLERXM574.jpeg,M0500PCYMXM90B.jpeg,M0505OOCCM97B.jpeg,M0566JAWAXM85B.jpeg,M566SOAWAXM85B.jpeg,M0505JLERXM574.jpeg,M9203ULERXM334.jpeg,M9203UYECM90B.jpeg,M6810CLARM42R.jpeg
image-20210928-103700-a406b29c.jpg,KDI609VSOS900.jpeg,KDI717VEAS900.jpeg,KCI543ACAS900.jpeg,KCI717VEAS900.jpeg,KCI612VSOS900.jpeg,KCI781VEAS17X.jpeg,KDI781VEAS17X.jpeg,KDI613VEAS900.jpeg,KDI531SHCS31X.jpeg,KCI592VSOS900.jpeg,KDI592VSOS900.jpeg,KCI743VVVS900.jpeg,KDI607VSOS900.jpeg,KCI677OSYS900.jpeg,KDI866CRUS03W.jpeg,KDI500MRLS31X.jpeg,KDI774VEAS900.jpeg,KDI906TFCS21M.jpeg,KDI701CFRS11X.jpeg,KDV042VNIS900.jpeg
image-20210928-103707-a441ed0e.jpg,KCQ351CDMS56B.jpeg,KCK299CNFS900.jpeg,KCQ567NPTS77W.jpeg,KCK224KPES70B.jpeg,KCK299CNFS10W.jpeg,KCI685SNYS42W.jpeg,KCK299CNFS12U.jpeg,KCK311VEAS10W.jpeg,KDQ731CQCS33G.jpeg,KCK222NGGS14F.jpeg,KCK311VEAS900.jpeg,KCK278BCRS29W.jpeg,KCK325VEAS19O.jpeg,KDQ713VEAS18Y.jpeg,KCK276NKRS900.jpeg,KCQ567NNPS66W.jpeg,KDI794TFCS900.jpeg,KDI866CRUS03W.jpeg,KCK222NRLS20W.jpeg,KCI010LLRS59K.jpeg
image-20210928-103731-9f1c8777.jpg,KCP306TFLS20X.jpeg,KDQ754PGPS900.jpeg,KCK276NKRS900.jpeg,KCK311VEAS900.jpeg,KDP931VSOS900.jpeg,KCK315NYFS900.jpeg,KDI794TFCS900.jpeg,KCK299CNFS12U.jpeg,KDP546LABS900.jpeg,KCI685SNYS42W.jpeg,KDQ134SSDS21X.jpeg,KCK222NGGS33R.jpeg,KCB698ACAS900.jpeg,KCP674TFPS36X.jpeg,KDV042VNIS900.jpeg,KDP930RCES900.jpeg,KDB805VNIS900.jpeg,KCK307DMNS03W.jpeg,KCP233LAMS46K.jpeg,KDI866CRUS03W.jpeg
image-20210928-103742-55a72762.jpg,KCQ244CHRS83B.jpeg,KCQ244LUCS70K.jpeg,KCP928SRYS34R.jpeg,KCQ351CTDS21H.jpeg,KCQ789SQRS71K.jpeg,KCQ795CSTS05X.jpeg,KCQ244TIES74B.jpeg,KCQ550FFES92Z.jpeg,KCQ358ERCS56B.jpeg,KCK233TOKS56B.jpeg,KCQ209CNDS93B.jpeg,KCQ244TJUS17F.jpeg,KCK327NYVS09W.jpeg,KCQ789SQRS75K.jpeg,KCQ713VEAS16F.jpeg,KCQ244RMES89Z.jpeg,KDC201VNRS03W.jpeg,KCQ166ERCS56B.jpeg,KCC200VNRS41P.jpeg,KCQ244ELFS75K.jpeg
image-20210928-103754-89c16e1e.jpg,KCK365OBUS29W.jpeg,KCK233TOKS56B.jpeg,KDI492SURS11H.jpeg,KCI010LLRS59K.jpeg,KCK315NYFS900.jpeg,S2114UTZQM917.jpeg,KCQ351CDMS56B.jpeg,KCK222NGGS49P.jpeg,KCK382POBS56B.jpeg,KCK353MCMS900.jpeg,KCK276NKRS900.jpeg,KDI492SURS12U.jpeg,S5619CTZQM51E.jpeg,KCB698ACAS900.jpeg,KCK311VEAS900.jpeg,KCK260TPNS29W.jpeg,N1834RVTLED801.jpeg,KCK222NGGS33R.jpeg,KCK351POBS56B.jpeg,217R40A2977X5803.jpeg
image-20210928-103807-7573be37.jpg,KCI813PLFS71K.jpeg,KDI866CRUS03W.jpeg,KDQ754PGPS900.jpeg,KCI802CQCS900.jpeg,KDV042VNIS900.jpeg,KDI492SURS12U.jpeg,KCI010LLRS59K.jpeg,KDI492SURS11H.jpeg,KDI701CFRS11X.jpeg,KCI677OSYS900.jpeg,KCP347LABS03W.jpeg,KDI609VSOS900.jpeg,KCI434SSDS23X.jpeg,KCI770VSOS03W.jpeg,KCI717VEAS900.jpeg,KCQ539LCVS59K.jpeg,KDI717VEAS900.jpeg,KDB501GLRS900.jpeg,KDI794TFCS900.jpeg,KCQ744GWRS56X.jpeg
image-20210928-103810-3cb15816.jpg,KCK231TLCS900.jpeg,KCK276NKRS900.jpeg,KCK222NGGS33R.jpeg,KCK315NYFS900.jpeg,KCK222NRLS20W.jpeg,KCK353MCMS900.jpeg,KCK307DMNS03W.jpeg,KCK233TOKS56B.jpeg,KCK327NVCS92Z.jpeg,KCK231TLCS33R.jpeg,KCK306PUVS09W.jpeg,KCK177CVAS12X.jpeg,KCK299CNFS900.jpeg,KCK222NGGS49P.jpeg,KCK365OBUS29W.jpeg,KCK260TPNS29W.jpeg,KCK311VEAS900.jpeg,KCK177CVAS06W.jpeg,KDI794TFCS900.jpeg,KCI010LLRS59K.jpeg
image-20210928-103825-be7929ac.jpg,KCI589VEAS900.jpeg,KCI736CQCS900.jpeg,KDI794TFCS900.jpeg,KCI675SCRS52X.jpeg,KCI491CFMS900.jpeg,KDI774VEAS900.jpeg,KCI781VEAS17X.jpeg,KCI668VEAS03W.jpeg,KCI677OSYS900.jpeg,KDI781VEAS17X.jpeg,KCI762NSRS900.jpeg,KDI694XLCS20X.jpeg,KCI675SCRS46X.jpeg,KCB698ACAS900.jpeg,KDI613VEAS900.jpeg,KCI770VSOS03W.jpeg,KCI762NSRS03W.jpeg,KDI701CFRS11X.jpeg,KCK315NYFS900.jpeg,KCI661RCAS10W.jpeg
IMG_6875.jpg,DSGTA1UXR10A0.jpeg,30MTSUR14A0.jpeg,BOBYS2UXR10A1.jpeg,30MNRIR10A1.jpeg,30MTSUMR41A0.jpeg,WLDRS2UXR30B0.jpeg,LINK18079O.jpeg,DSGTR1UXR10A0.jpeg,DSGTS1UXR10A0.jpeg,WLDRBUXR40A0.jpeg,30MTS3UXR12A1.jpeg,30MNTGN11EDO7.jpeg,DIRECTIONDM2A9.jpeg,DSGTS7FXR10A0.jpeg,DSGTS6UXR10A0.jpeg,CLUBM4UWR45A0.jpeg,BOBYB1UXR40C0.jpeg,BOBYR1UXR10A0.jpeg,DIORCLAN2J5G1I.jpeg,30MNTGNSZJ1I.jpeg
IMG_6877.jpg,30MTSUR14A0.jpeg,WLDRS2UXR30B0.jpeg,DSGTA1UXR10A0.jpeg,DSGTS1UXR10A0.jpeg,CLUBM4UWR45A0.jpeg,30MTSUMR41A0.jpeg,DSGTR1UXR10A0.jpeg,BOBYR1UXR10A0.jpeg,DSGTB1UXR50B0.jpeg,BOBYS2UXR10A1.jpeg,30MNRIR10A1.jpeg,DIRECTIONDM2A9.jpeg,BOBYB1UXR40C0.jpeg,DSGTS6UXR10A0.jpeg,EVDRAUQRB0B0.jpeg,DSGTB1UXR10A0.jpeg,WLDRBUXR40A0.jpeg,ATTITUDE22M01I.jpeg,LINK18079O.jpeg,JADIORKY2A9.jpeg
IMG_6878.jpg,30MTSUR14A0.jpeg,DSGTA1UXR10A0.jpeg,30MTSUMR41A0.jpeg,CLUBM4UWR45A0.jpeg,JADIORKY2A9.jpeg,DSGTS1UXR10A0.jpeg,DIORCLAN2J5G1I.jpeg,LINK18079O.jpeg,30MNRIR10A1.jpeg,DSGTR1UXR10A0.jpeg,30MNTGN11EDO7.jpeg,WLDRS2UXR30B0.jpeg,DSGTB1UXR50B0.jpeg,DIRECTIONDM2A9.jpeg,WLDRBUXR40A0.jpeg,BOBYS2UXR10A1.jpeg,30MTS3UXR12A1.jpeg,MONSIEUR2XWY1I.jpeg,STELLAIO3SJ5GKU.jpeg,30MNTGNSZJ1I.jpeg
IMG_6880.jpg,DSGTS1UXR10A0.jpeg,DSGTR1UXR10A0.jpeg,DSGTA1UXR10A0.jpeg,WLDRBUXR40A0.jpeg,30MNRIR10A1.jpeg,BOBYR1UXR42FR.jpeg,BOBYR1UXR10A0.jpeg,30MTSUR14A0.jpeg,30MTSUMR41A0.jpeg,CLUBM4UWR45A0.jpeg,BOBYS2UXR10A1.jpeg,BOBYB1UXR40C0.jpeg,LINK18079O.jpeg,DIRECTIONDM2A9.jpeg,WLDRS2UXR30B0.jpeg,DSGTB1UXR50B0.jpeg,EVDRS1UQRB0G0.jpeg,CATSTYLE1SHKN0T.jpeg,LADYM1IXR95B0.jpeg,30MNTGN11EDO7.jpeg
IMG_6881.jpg,30MTSUR14A0.jpeg,DSGTA1UXR10A0.jpeg,DIRECTIONDM2A9.jpeg,30MTSUMR41A0.jpeg,DSGTS1UXR10A0.jpeg,DSGTR1UXR10A0.jpeg,ATTITUDE22M01I.jpeg,EVDRAUQRB0B0.jpeg,CLUBM4UWR45A0.jpeg,30MNRIR10A1.jpeg,BOBYR1UXR10A0.jpeg,BOBYS2UXR10A1.jpeg,WLDRBUXR40A0.jpeg,CAMP0Z3ZK.jpeg,EVDRS1UQRB0G0.jpeg,DSGTB1UXR50B0.jpeg,WLDRS2UXR30B0.jpeg,STELLAIO3SJ5GKU.jpeg,STELAIR1XSJ5GA9.jpeg,DSGTS6UXR20B0.jpeg
IMG_6883.jpg,DIRECTIONDM2A9.jpeg,30MTSUMR41A0.jpeg,30MTSUR14A0.jpeg,SOSTELAIR3EPZYB.jpeg,DSGTA1UXR10A0.jpeg,DSGTS6UXR20B0.jpeg,DIORCLAN2J5G1I.jpeg,WLDRS2UXR30B0.jpeg,EVDRSUQRB0G0.jpeg,WLDRBUXR40A0.jpeg,STELAIR1XSJ5GA9.jpeg,COLORQ1DDBSQ.jpeg,30MNTGNSZJ1I.jpeg,DSGTB4IXR25D0.jpeg,EVDRAUQRB0B0.jpeg,DIORCLAN108686.jpeg,30MNTGN8072K.jpeg,DSGTS7FXR10A0.jpeg,LADYDIORS2ACI1I.jpeg,DSGTS6UXR10A0.jpeg
IMG_6884.jpg,BOBYR1UXR10A0.jpeg,30MTSUMR41A0.jpeg,DSGTS1UXR10A0.jpeg,30MTSUR14A0.jpeg,WLDRS2UXR30B0.jpeg,DSGTA1UXR10A0.jpeg,30MNRIR10A1.jpeg,DSGTR1UXR10A0.jpeg,EVDRSUQRB0A1.jpeg,BOBYS2UXR10A1.jpeg,BOBYB1UXR40C0.jpeg,DIRECTIONDM2A9.jpeg,BOBYR1UXR42FR.jpeg,CLUBM4UWR45A0.jpeg,LINK18079O.jpeg,WLDRBUXR40A0.jpeg,DSGTB1UXR50B0.jpeg,EVDRAUQRB0B0.jpeg,SOCIETY3J5G9O.jpeg,EVDRSUQRB0G0.jpeg
IMG_6885.jpg,30MTSUR14A0.jpeg,DSGTS1UXR10A0.jpeg,DSGTR1UXR10A0.jpeg,DSGTA1UXR10A0.jpeg,BOBYR1UXR10A0.jpeg,30MNRIR10A1.jpeg,30MTSUMR41A0.jpeg,DIRECTIONDM2A9.jpeg,CLUBM4UWR45A0.jpeg,BOBYB1UXR40C0.jpeg,ATTITUDE22M01I.jpeg,BOBYR1UXR42FR.jpeg,WLDRBUXR40A0.jpeg,30MNTGN11EDO7.jpeg,EVDRS1UQRB0G0.jpeg,LINK18079O.jpeg,WLDRS2UXR30B0.jpeg,BOBYS2UXR10A1.jpeg,30MNTGNSZJ1I.jpeg,SOSTELAIR38071I.jpeg
IMG_6886.jpg,WLDRBUXR40A0.jpeg,DSGTB1UXR50B0.jpeg,BOBYS2UXR10A1.jpeg,DIRECTIONDM2A9.jpeg,SOCIETY3J5G9O.jpeg,WLDRS2UXR30B0.jpeg,SOSTELAIR3EPZYB.jpeg,NUANCEF35JKU.jpeg,30MTSUMR41A0.jpeg,LINK18079O.jpeg,DSGTS7FXR10A0.jpeg,DSGTB1UXR10A0.jpeg,EVDRSUQRB0A1.jpeg,MONSIEUR2XWY1I.jpeg,DIORCLAN2J5G1I.jpeg,LADYDIORS2ACI1I.jpeg,DSGTR1UXR10A0.jpeg,DIORAMA8F0T41I.jpeg,DSGTA1UXR10A0.jpeg,30MNTGNSZJ1I.jpeg
IMG_6888.jpg,30MTSUMR41A0.jpeg,30MTSUR14A0.jpeg,DSGTA1UXR10A0.jpeg,DIORCLAN2J5G1I.jpeg,BOBYB1UXR40C0.jpeg,DIRECTIONDM2A9.jpeg,30MNTGN8072K.jpeg,WLDRS2UXR30B0.jpeg,30MNTGNSZJ1I.jpeg,30MNTGN11EDO7.jpeg,MONSIEUR2XWY1I.jpeg,BOBYR1UXR10A0.jpeg,30MNRIR10A1.jpeg,DSGTS6UXR20B0.jpeg,EVDRSUQRB0A1.jpeg,30MTS3UXR12A1.jpeg,DSGTS6UXR10A0.jpeg,DSGTS7FXR10A0.jpeg,STELAIR1XSJ5GA9.jpeg,LINK18079O.jpeg
IMG_6889.jpg,WLDRS2UXR30B0.jpeg,DSGTA1UXR10A0.jpeg,30MTSUMR41A0.jpeg,EVDRAUQRB0B0.jpeg,DSGTB1UXR50B0.jpeg,DIRECTIONDM2A9.jpeg,DSGTR1UXR10A0.jpeg,30MTSUR14A0.jpeg,DIORCLAN2J5G1I.jpeg,30MNRIR10A1.jpeg,BOBYB1UXR40C0.jpeg,WLDRBUXR40A0.jpeg,LADYM1IXR95B0.jpeg,BOBYS2UXR10A1.jpeg,JADIORKY2A9.jpeg,DSGTS1UXR10A0.jpeg,DSGTB3UTR69B0.jpeg,30MNTGNSZJ1I.jpeg,LADYDIORS2ACI1I.jpeg,SOSTELAIR3EPZYB.jpeg
IMG_6891.jpg,S5673CBAAM900.jpeg,M9206ULMJM17L.jpeg,M9203JFIAM884.jpeg,S5652CCEHM81B.jpeg,M9203SBAVM989.jpeg,S0204OAHGXM716.jpeg,M9203UAAUXM900.jpeg,M8641UAYCM925.jpeg,M9204UCYMXM85B.jpeg,M9208USKCM27L.jpeg,S5440INSYM928.jpeg,S0204OAHGXM830.jpeg,S2057OBAEM41G.jpeg,S204SPAHGXM716.jpeg,M9203ULERXM334.jpeg,M9204UMOAM918.jpeg,S204SOLMJXM13L.jpeg,M9203UYECM90B.jpeg,M9203UWFOM76E.jpeg,M9204UAYCM61E.jpeg
IMG_6892.jpg,M8641UAYCM925.jpeg,M9203UAHKXM50P.jpeg,S7016CVQRM030.jpeg,M9327UAQGM43U.jpeg,M9203UAHKXM50R.jpeg,M9203ULERXM334.jpeg,S204SJAHGXM54H.jpeg,S204SJAHGXM225.jpeg,S0204JANHXM07J.jpeg,S0328OSKNM87K.jpeg,S5628CNPYM50P.jpeg,S204SJAHKXM821.jpeg,M9203UCYMXM010.jpeg,S0204OAHGXM830.jpeg,M0422CNOEM47R.jpeg,M8641UPZGM889.jpeg,S5654CCEHM68P.jpeg,M1272ZRGVM933.jpeg,M0505PLAAXM282.jpeg,M0566PAWAXM010.jpeg
IMG_6893.jpg,M0505OOCCM50H.jpeg,S0328OSKNM87K.jpeg,S2088USKCM26L.jpeg,S0178OVRBM94B.jpeg,S0007OVRBM900.jpeg,S0204PAHGXM50R.jpeg,S0744OVRBM49P.jpeg,S204SJAHGXM10V.jpeg,M0598VCUEM911.jpeg,S0311OVKQM04J.jpeg,M0565BNGEM01Z.jpeg,M1296ZTDTM932.jpeg,S0617OSKNM97K.jpeg,S0126OVRBM900.jpeg,M0505OOCCM43M.jpeg,M0531OCEPM00E.jpeg,M0505PRSTM939.jpeg,M0540INEAM41G.jpeg,S5086UNGXM41G.jpeg,M0505OAAUXM90B.jpeg
IMG_6894.jpg,M9204UCYMXM85B.jpeg,M9204USJCM928.jpeg,S2110UMOSM49P.jpeg,21GRE920G131CO90.jpeg,S5632CBAAM50P.jpeg,CLUB1MKSECG06.jpeg,M9203UAJJM889.jpeg,S5632CWVGM85B.jpeg,M9203UAAUXM900.jpeg,M9204UQTDM75E.jpeg,M9204UMOAM918.jpeg,S2110UMOSM991.jpeg,M9203UYECM90B.jpeg,M9206ULMJM17L.jpeg,M9203UCHFXM030.jpeg,M9204UMOSM49E.jpeg,M9203UMOSM46E.jpeg,M9203CMOSM46E.jpeg,M9203ULERXM334.jpeg,M9220UPGOM900.jpeg
IMG_6896.jpg,M446SCANGXM090.jpeg,M447SCUCSM30L.jpeg,M0446CBAAM030.jpeg,M0446ILLOM50P.jpeg,M446SVAHLXM79B.jpeg,M446SCAHLXM030.jpeg,M0446CWVGM49P.jpeg,M0446CAPWM950.jpeg,M0446VAHLXM79B.jpeg,M447SVAATXM010.jpeg,M447SCAATXM010.jpeg,M447SCUCSM95B.jpeg,M447SVAATXM21Y.jpeg,M447SCAHLXM821.jpeg,M0446CCYRXM62P.jpeg,M0446VAHLXM821.jpeg,M446SCAHLXM225.jpeg,M0447CWGHM49P.jpeg,M0446VANGXM07J.jpeg,M0446CAHLXM432.jpeg
IMG_6898.jpg,M0446ILLOM50P.jpeg,M0446VANGXM07J.jpeg,M0447ILLOM22Y.jpeg,M447SVLMKXM06K.jpeg,M0446CAPWM950.jpeg,M0446CWVGM49P.jpeg,M446SCAATXM43R.jpeg,M0447CCEHM44U.jpeg,M447SCLMKXM090.jpeg,M447SCAATXM66F.jpeg,M0446CCYRXM62P.jpeg,M0447CAATXM66F.jpeg,M447SVAATXM010.jpeg,M0446VAHLXM821.jpeg,M0446CSJGM45E.jpeg,M447SVAATXM21Y.jpeg,M0446CCEHM900.jpeg,M447SCAATXM010.jpeg,M446SCANGXM090.jpeg,M0446CWAHM989.jpeg
IMG_6899.jpg,M1296ZJTKM932.jpeg,M1296ZJTAM932.jpeg,M1296ZJTYM932.jpeg,M1296ZJTQM932.jpeg,M1286ZRGOM928.jpeg,M1286ZRAUM918.jpeg,M1286ZRIOM49E.jpeg,M1296ZTDTM932.jpeg,M566SOAWAXM85B.jpeg,M1296ZRHTM927.jpeg,M9306UAYCM61E.jpeg,M1296ZWSOM90B.jpeg,M0566JAWAXM85B.jpeg,M0565ORZBM884.jpeg,M1265ZRZBM884.jpeg,M0566PAWAXM85B.jpeg,M0566PAWAXM90B.jpeg,M566SOAUGXM41G.jpeg,M566SJAAUXM010.jpeg,M566SJCYMXM41G.jpeg
IMG_6901.jpg,M0565ORHMM918.jpeg,M0505ORQNM76E.jpeg,M566SOAYCM925.jpeg,M0531OWCBM41G.jpeg,M0565ORZBM884.jpeg,M566SOCYMXM25Y.jpeg,M0565JCHFXM030.jpeg,M566SPCYMXM25Y.jpeg,M0565SRBFM911.jpeg,M0565OPQKM042.jpeg,M565SJANOXM07J.jpeg,M565SPAAWXM50P.jpeg,M531SPAAWXM821.jpeg,M0505OMAZM918.jpeg,M0566PAWAXM85B.jpeg,M0565OANOXM07J.jpeg,M0565OWCBM900.jpeg,M0505ORBTM911.jpeg,M531SOAYCM808.jpeg,M0565OTQGM941.jpeg
IMG_6902.jpg,M447SCAHLXM830.jpeg,M446SCAHLXM830.jpeg,M0446CCYRXM62P.jpeg,M446SCAATXM43R.jpeg,M446SCCYRXM25Y.jpeg,M446SVAHLXM830.jpeg,M447SVAATXM43R.jpeg,M0446VAATXM90B.jpeg,M9333UMOFM45U.jpeg,M9203IBAVM50P.jpeg,M446SCAHLXM030.jpeg,M0447CWVGM52R.jpeg,M446SCAHLXM54H.jpeg,M0446VCYRXM25Y.jpeg,M446SCAHLXM40M.jpeg,M9320UMOBM62E.jpeg,M0447CAATXM66F.jpeg,M0446CAATXM253.jpeg,M9208UBAEM39U.jpeg,M0447CAATXM334.jpeg
IMG_6906.jpg,M0505ORBTM911.jpeg,M0531OCEPM00E.jpeg,M565SOLDPXM090.jpeg,M0505OPIIM03E.jpeg,M0505OLMJXM090.jpeg,M0565JCHFXM030.jpeg,M531SOAYCM08Z.jpeg,M0531OAHKXM81B.jpeg,M0500OAAUXM900.jpeg,M0531OAHGXM334.jpeg,M0500OCYMXM90B.jpeg,M0531OAUGXM900.jpeg,M9306UAYCM61E.jpeg,M0505OLEZM81B.jpeg,M0505OOCCM14F.jpeg,M565SOAAUXM41G.jpeg,M565SPLDPXM06K.jpeg,M0565JAAUXM41G.jpeg,M0531JAHGXM43R.jpeg,M531SOAYCM808.jpeg
IMG_6908.jpg,M9241UGCOM030.jpeg,M9242UWHCM81B.jpeg,S5134UWHCM030.jpeg,S0178OADUM11G.jpeg,S5091UWHCM030.jpeg,S0178ONXSM01E.jpeg,M9241UAJYM31E.jpeg,M9242UWHCM35U.jpeg,M1693DNMJM81B.jpeg,M9241BNGKM030.jpeg,S0204OCYMXM010.jpeg,M6702CLARM83B.jpeg,S204SJAHKXM821.jpeg,S0178OVRBM94B.jpeg,S0178ONMJM52R.jpeg,S5105UWHCM26Y.jpeg,S5554BMIGM030.jpeg,S0074OKSFM50E.jpeg,S0204PAHKXM030.jpeg,S0977BNMJM030.jpeg
IMG_6909.jpg,S5039UWHCM116.jpeg,S0311OVKQM04J.jpeg,M9206UAYCM61E.jpeg,S0204OOCCM71P.jpeg,M0421OANGM06K.jpeg,S0478ONMJM94B.jpeg,S0011ONMJM77P.jpeg,S0074OWECM10L.jpeg,S5091UWHCM74P.jpeg,M3551HCPOJM31G.jpeg,M8000CVYIM20J.jpeg,S0020PVRBM414.jpeg,S0007ONMJM81P.jpeg,S0181ONMJM76P.jpeg,S5440SRMOM042.jpeg,S0204OVRBM97B.jpeg,M8641UAYCM925.jpeg,S0178OVRBM900.jpeg,S0204JANHXM07J.jpeg,S0007OVRBM900.jpeg
IMG_6912.jpg,CD152110M0040000.jpeg,CD18117X10700000.jpeg,CD040110M0040000.jpeg,CD043115M0010000.jpeg,CD18016X12020000.jpeg,CDBM080100000.jpeg,CD18117X10040000.jpeg,CD18117X10050000.jpeg,CD13457ZA0030000.jpeg,CD18115X10770000.jpeg,CD18111X10080000.jpeg,CDBM150050000.jpeg,CD13356ZA0040000.jpeg,CD1221E2C0010000.jpeg,CD040120M0010000.jpeg,CD047123M0010000.jpeg,CD11311GM0010000.jpeg,CD042110M0010000.jpeg,CD13352X10690000.jpeg,CD1331KX11280000.jpeg
IMG_6913.jpg,CD152110M0040000.jpeg,CD18117X10040000.jpeg,CD18117X10050000.jpeg,CD13352X10690000.jpeg,CD040110M0040000.jpeg,CD1331KX11280000.jpeg,CD1235E3C0010000.jpeg,CD1221E2C0010000.jpeg,CD047123M0010000.jpeg,CD18117X10700000.jpeg,CD042110M0010000.jpeg,CD11311GM0010000.jpeg,CD115511M0010000.jpeg,CD13457ZA0030000.jpeg,CD040120M0010000.jpeg,CD143117M0010000.jpeg,CD18111X10080000.jpeg,CD18016X12020000.jpeg,CD043951A0020000.jpeg,CD043951A0030000.jpeg
IMG_6914.jpg,CD152110M0040000.jpeg,CD18117X10700000.jpeg,CD18117X10040000.jpeg,CD18117X10050000.jpeg,CD043115M0010000.jpeg,CD18016X12020000.jpeg,CD040110M0040000.jpeg,CD1221E2C0010000.jpeg,CD13356ZA0040000.jpeg,CD042110M0010000.jpeg,CD18111X10080000.jpeg,CD1235E3C0010000.jpeg,CD043971A0080000.jpeg,CD153B10M0010000.jpeg,CD153B6ZA0210000.jpeg,CD11311GM0010000.jpeg,CD1331KX11280000.jpeg,CD18115X10770000.jpeg,CD13352X10690000.jpeg,CD040110A0270000.jpeg
IMG_6918.jpg,21TAR090I609C527.jpeg,011P12A3862X0863.jpeg,010M09A1101X0863.jpeg,11TDI103I007C102.jpeg,92RID380I060C840.jpeg,11MIF070I601C080.jpeg,94CDO301I614C547.jpeg,91JOU302I140C340.jpeg,95TJE314I140C304.jpeg,111P38A6805X0861.jpeg,04DAW331I910C528.jpeg,11BS01A2842X5803.jpeg,92KAL106I604C689.jpeg,011G05ACMIXX0863.jpeg,14JOU370I900C413.jpeg,15BS07A2851X5803.jpeg,31REV090I616C625.jpeg,14LEO106I600C413.jpeg,81PAH055I608C380.jpeg,31CAN307I173C530.jpeg
IMG_6919.jpg,M0505ILOIM41G.jpeg,M0550OADUM11G.jpeg,M0505ILOIM030.jpeg,M0538OCALM42R.jpeg,M0565ONGEM41G.jpeg,M0505OCEAM900.jpeg,M505SOUCGM54P.jpeg,M0550BFTBXM912.jpeg,M0566OWCBM41G.jpeg,M0505OCALM20Y.jpeg,M0538BCALM34G.jpeg,CAL44551N0.jpeg,M0538ILOIM50P.jpeg,M0538BCALM030.jpeg,M0538OCALM43M.jpeg,M0505PCALM010.jpeg,M0505SLOIM989.jpeg,M0598VCUEM911.jpeg,CAL44550M42R.jpeg,M0531NWDDM900.jpeg
IMG_6921.jpg,M0505OOCCM14F.jpeg,M0531OAUGXM900.jpeg,M0531OCEPM00E.jpeg,M0505OLEZM81B.jpeg,M566SOAUGXM41G.jpeg,M9306UAYCM61E.jpeg,M0566ONGEM900.jpeg,M566SOAHGXM04B.jpeg,M531SPAYCM042.jpeg,M0565PLDPXM13L.jpeg,M0566JAWAXM85B.jpeg,M566SJAUGXM41G.jpeg,M0531OAHKXM81B.jpeg,M505SOLAAXM79B.jpeg,M0531OLERXM41G.jpeg,M0500OCYMXM90B.jpeg,M531SOAYCM08Z.jpeg,M0566PAWAXM90B.jpeg,M0566OAHGXM04B.jpeg,M0565JAAUXM41G.jpeg
IMG_6924.jpg,KCK233TOKS56B.jpeg,254P55AM880X0878.jpeg,KCK353MCMS900.jpeg,KCK315NYFS900.jpeg,KDI794TFCS900.jpeg,KCK276NKRS900.jpeg,KCI781VEAS17X.jpeg,KDI906TFCS21M.jpeg,KCK177CVAS06W.jpeg,KCI802CQCS900.jpeg,KDI531SHCS31X.jpeg,KCK331CQCS03W.jpeg,KCI677OSYS900.jpeg,KCI685SNYS42W.jpeg,KCQ122LAMS54K.jpeg,KCK299CNFS12U.jpeg,KDI781VEAS17X.jpeg,KCK304CVES03W.jpeg,KCK177CVAS12X.jpeg,KCK327NVCS92Z.jpeg
IMG_6930.jpg,KCK299CNFS900.jpeg,KCQ351CDMS56B.jpeg,KCK311VEAS900.jpeg,KCK299CNFS12U.jpeg,KDQ731CQCS33G.jpeg,KCQ200NGGS900.jpeg,KCK278CRRS900.jpeg,KDP909CCFS900.jpeg,KDI866CRUS03W.jpeg,KCK276NKRS900.jpeg,KCK278BCRS31W.jpeg,KDQ713VEAS18Y.jpeg,KCK278CRRS10W.jpeg,KCK304CVES03W.jpeg,KDP439TLSS900.jpeg,KCK260TPNS29W.jpeg,KCK325VEAS19O.jpeg,KCQ567NPTS77W.jpeg,KCQ713VEAS16F.jpeg,KDQ134SSDS21X.jpeg
IMG_6934.jpg,KCK325VEAS19O.jpeg,KCQ535NGGS12U.jpeg,KCK299CNFS900.jpeg,KCK311VEAS900.jpeg,KDP909CCFS900.jpeg,KCK278CRRS900.jpeg,KDQ713VEAS18Y.jpeg,KCQ539LCVS59K.jpeg,KCQ351CDMS56B.jpeg,KCQ200NGGS900.jpeg,KCK304CVES03W.jpeg,KCK299CNFS12U.jpeg,KCQ713VEAS16F.jpeg,KCQ713VEAS42W.jpeg,KCK222NGGS14F.jpeg,KDQ731CQCS33G.jpeg,KCQ718LABS38M.jpeg,KCK327NYVS09W.jpeg,KCQ567NPTS77W.jpeg,KCK318CMPS10W.jpeg
IMG_6940.jpg,KCQ718LABS71B.jpeg,KCQ351CTDS21H.jpeg,KCQ266VEAS900.jpeg,KCQ547LABS09N.jpeg,KCQ550FFES92Z.jpeg,KCQ547LCVS84K.jpeg,CLUB1STZOTL00.jpeg,KCQ266VEAS33H.jpeg,KCQ351CDMS56B.jpeg,KCQ166ERCS11X.jpeg,KCQ730CQCS900.jpeg,KDQ713VEAS18Y.jpeg,KCQ351LNYS29X.jpeg,KDP967PPWS17X.jpeg,KCQ795CSTS05X.jpeg,KCQ713VEAS42W.jpeg,KCQ567NNPS66W.jpeg,KCP820ACAS900.jpeg,KCQ200NGGS900.jpeg,KCB777PGOS900.jpeg
IMG_6944.jpg,KCQ358ERCS56B.jpeg,KDQ731CQCS33G.jpeg,KDP439TLSS900.jpeg,KCQ266VEAS900.jpeg,KCQ730CQCS900.jpeg,KCB427SEHS90Z.jpeg,KCQ789SQRS71K.jpeg,KDP510RPRS12U.jpeg,KCQ713VEAS16F.jpeg,KCQ305CRCS26U.jpeg,KCB650VNIS900.jpeg,KCQ789SQRS75K.jpeg,KCQ244ERCS16V.jpeg,KCQ200NGGS900.jpeg,KDB805VNIS900.jpeg,KCQ795CSTS05X.jpeg,KDQ754PGPS900.jpeg,KCP233LAMS46K.jpeg,KCP306TFLS20X.jpeg,KDP523PSSS44P.jpeg
IMG_6947.jpg,KDB585DLPS26U.jpeg,KDB578TJES36W.jpeg,KDB585ZEBS89Z.jpeg,KCP762BXES91B.jpeg,KCQ358ERCS56B.jpeg,KCP762TJUS60W.jpeg,KDV031SGRS900.jpeg,KCP944MCMS12U.jpeg,KCB501GLRS15G.jpeg,KDB805VNIS900.jpeg,KCB650VNIS900.jpeg,KCC207KGRS05W.jpeg,KCP306TFLS20X.jpeg,KCP762PSJS26X.jpeg,KDB585PJUS26X.jpeg,KCK211DLPS26U.jpeg,KCQ789SQRS71K.jpeg,KDB756PGPS900.jpeg,KCB384VNRS03W.jpeg,KCB384TFLS33G.jpeg
IMG_6948.jpg,KCP394SCAS900.jpeg,KDB164SCAS900.jpeg,KDB717ACAS44W.jpeg,KDB720ACAS900.jpeg,KCB650VNIS900.jpeg,KCB444VNIS23R.jpeg,KCB651ACAS900.jpeg,KDB749ACAS20X.jpeg,KDB759ACAS11H.jpeg,KDB720ACAS33R.jpeg,KCB384VNRS03W.jpeg,KDB501GLRS900.jpeg,KDP618ACAS36X.jpeg,KDB756PGPS900.jpeg,KCK211DLPS26U.jpeg,KDQ263ACAS62B.jpeg,KDP916LNYS27G.jpeg,KDB805VNIS900.jpeg,KCB756PGPS900.jpeg,KCP944MCMS12U.jpeg
IMG_6949.jpg,KDP882EMRS900.jpeg,KCP712SWLS66K.jpeg,KCP762PSJS26X.jpeg,KDQ788SQPS900.jpeg,KCP417SSYS900.jpeg,KCP762GRYS26X.jpeg,KCQ789SQRS71K.jpeg,KCC207KGRS05W.jpeg,KCP882EMRS42P.jpeg,KCP867MLUS72K.jpeg,KDP613WLAS11X.jpeg,KCP462PTRS900.jpeg,KDP261LSRS900.jpeg,KCQ707LCSS62K.jpeg,KCP945MCMS03W.jpeg,KCP762BXES91B.jpeg,KCQ358ERCS56B.jpeg,KCP883EMRS42P.jpeg,KDP867MPPS19W.jpeg,KCP902EMRS900.jpeg
IMG_6950.jpg,KDI611SCNS52X.jpeg,KCI589VEAS900.jpeg,KCI675SCRS52X.jpeg,KCI762NSRS900.jpeg,KDI781VEAS17X.jpeg,KCI781VEAS17X.jpeg,KDI701CFRS11X.jpeg,KCI677OSYS900.jpeg,KCI736CQCS900.jpeg,KDI774VEAS900.jpeg,KDI694XLCS20X.jpeg,KCI491CFMS900.jpeg,KCI663CFFS900.jpeg,KCI770VSOS03W.jpeg,KCI668VEAS03W.jpeg,KDI609VSOS900.jpeg,KDI866CRUS03W.jpeg,KDI500MRLS31X.jpeg,KCI762NSRS03W.jpeg,KDI794TFCS900.jpeg
IMG_6951.jpg,KCP306TFLS20X.jpeg,KCC201TFLS900.jpeg,KDC201TFLS900.jpeg,KDP930RCES900.jpeg,KCC201VNRS28R.jpeg,KDP931VSOS900.jpeg,KCP261SSIS900.jpeg,KCP674TFPS36X.jpeg,KDQ754PGPS900.jpeg,KCC201VNRS900.jpeg,KCP462PTRS900.jpeg,KDC201VNRS03W.jpeg,KCP233LAMS46K.jpeg,KDP546LABS900.jpeg,KCC201TFLS33R.jpeg,KCP347LABS03W.jpeg,KCC211LABS900.jpeg,KCP417SSYS900.jpeg,KDV042VNIS900.jpeg,KDQ134SSDS21X.jpeg
IMG_6952.jpg,KDB717ACAS44W.jpeg,KDB759ACAS11H.jpeg,KCP394SCAS900.jpeg,KDB720ACAS900.jpeg,KDB720ACAS33R.jpeg,KDB164SCAS900.jpeg,KDB749ACAS20X.jpeg,KCB444VNIS23R.jpeg,KCB650VNIS900.jpeg,KCK208RBES89Z.jpeg,KCB651ACAS900.jpeg,KCL024CFMS900.jpeg,KCB384VNRS03W.jpeg,KCQ550TJUS74W.jpeg,KCB756PGPS900.jpeg,KDB756PGPS900.jpeg,KCK278CRRS900.jpeg,KCK331CQCS03W.jpeg,KCK351POBS56B.jpeg,KCK327NYVS09W.jpeg
IMG_6953.jpg,KDI611SCNS52X.jpeg,KDI607VSOS900.jpeg,KDI781VEAS17X.jpeg,KCI781VEAS17X.jpeg,KDI531SHCS31X.jpeg,KDI609VSOS900.jpeg,KDI500MRLS31X.jpeg,KCI543ACAS900.jpeg,KCI717VEAS900.jpeg,KDI717VEAS900.jpeg,KCI612VSOS900.jpeg,KCI592VSOS900.jpeg,KDI592VSOS900.jpeg,KDI594LABS33R.jpeg,KCI802CQCS900.jpeg,KDI774VEAS900.jpeg,KCI677OSYS900.jpeg,KCI743VVVS900.jpeg,KDI866CRUS03W.jpeg,KDI613VEAS900.jpeg
IMG_6954.jpg,KDI613VEAS900.jpeg,KCI717VEAS900.jpeg,KDI717VEAS900.jpeg,KDI609VSOS900.jpeg,KCI592VSOS900.jpeg,KDI592VSOS900.jpeg,KDI774VEAS900.jpeg,KCI612VSOS900.jpeg,KDI866CRUS03W.jpeg,KCI491CFMS900.jpeg,KDI701CFRS11X.jpeg,KCI781VEAS17X.jpeg,KCI589VEAS900.jpeg,KCI762NSRS900.jpeg,KDI781VEAS17X.jpeg,KCI802CQCS900.jpeg,KCI675SCRS52X.jpeg,KCI543ACAS900.jpeg,KDI694XLCS20X.jpeg,KDI611SCNS52X.jpeg
IMG_6955.jpg,KDI609VSOS900.jpeg,KDI717VEAS900.jpeg,KCI717VEAS900.jpeg,KCI612VSOS900.jpeg,KDI613VEAS900.jpeg,KCI592VSOS900.jpeg,KDI592VSOS900.jpeg,KDI866CRUS03W.jpeg,KCI743VVVS900.jpeg,KCI781VEAS17X.jpeg,KDI781VEAS17X.jpeg,KDI774VEAS900.jpeg,KCI813PLFS71K.jpeg,KDI794TFCS900.jpeg,KCI802CQCS900.jpeg,KDI701CFRS11X.jpeg,KCI543ACAS900.jpeg,KCI668VEAS03W.jpeg,KCI762NSRS900.jpeg,KCI770VSOS03W.jpeg
IMG_6956.jpg,KCK315NYFS900.jpeg,KCI685SNYS42W.jpeg,KCK299CNFS900.jpeg,KCK276NKRS900.jpeg,KCK222NRLS20W.jpeg,KCI010LLRS59K.jpeg,KCB737SRXS900.jpeg,KDI701CFRS11X.jpeg,KDI906TFCS21M.jpeg,KDI694XLCS20X.jpeg,KCK231TLCS900.jpeg,KCK327NVCS92Z.jpeg,KCI663CFFS900.jpeg,KCK311VEAS900.jpeg,KCK222NGGS33R.jpeg,KDI866CRUS03W.jpeg,KDI794TFCS900.jpeg,KCI675SCRS52X.jpeg,KCI677OSYS900.jpeg,KCK278BCRS29W.jpeg
IMG_6957.jpg,KCK304CVES03W.jpeg,KCK315NYFS900.jpeg,KCK177CVAS06W.jpeg,KCK276NKRS900.jpeg,KCK231TLCS900.jpeg,KCK233TOKS56B.jpeg,KCK231TLCS33R.jpeg,KCK306PUVS09W.jpeg,KCK327NVCS92Z.jpeg,KCK307DMNS03W.jpeg,KDI794TFCS900.jpeg,KCK177CVAS12X.jpeg,KCK311VEAS900.jpeg,KCK211FWYS900.jpeg,KCB698ACAS900.jpeg,KCK222NRLS20W.jpeg,KCP306TFLS20X.jpeg,KCK353MCMS900.jpeg,KCB637CRUS900.jpeg,KCP233LAMS46K.jpeg
IMG_6958.jpg,KCK353MCMS900.jpeg,KCK315NYFS900.jpeg,KCK177CVAS12X.jpeg,KCK276NKRS900.jpeg,KCK231TLCS900.jpeg,KCK306PUVS09W.jpeg,KCK211FWYS900.jpeg,KCK233TOKS56B.jpeg,KCK327NVCS92Z.jpeg,KCK364LOBS24W.jpeg,KCC200TFLS33R.jpeg,KCK231TLCS33R.jpeg,KCK211DAMS17X.jpeg,KCK304CVES03W.jpeg,KCB052VNIS19O.jpeg,KCB737SRXS900.jpeg,KCK228RPMS12U.jpeg,KCK177CVAS06W.jpeg,KCK331CQCS03W.jpeg,KDQ263ACAS62B.jpeg
IMG_6959.jpg,KCP306TFLS20X.jpeg,KCK353MCMS900.jpeg,KCK233TOKS56B.jpeg,KCK315NYFS900.jpeg,KCK382POBS56B.jpeg,KCP902EMRS900.jpeg,KDP930RCES900.jpeg,KDP931VSOS900.jpeg,KCB637CRUS900.jpeg,KCK177CVAS12X.jpeg,KCK211DAMS17X.jpeg,KCK267NPUS11X.jpeg,KCK276NKRS900.jpeg,KCK211FWYS900.jpeg,KCQ717VEAS42W.jpeg,KDI794TFCS900.jpeg,KCK351POBS56B.jpeg,KDQ754PGPS900.jpeg,KCB698ACAS900.jpeg,KCI010LLRS59K.jpeg
IMG_6961.jpg,KDQ263ACAS62B.jpeg,KCK311VEAS900.jpeg,KDQ754PGPS900.jpeg,KCK315NYFS900.jpeg,KCK276NKRS900.jpeg,KCK222NGGS33R.jpeg,KCK307DMNS03W.jpeg,KCK365OBUS29W.jpeg,KCK211DLPS26U.jpeg,KCK177CVAS12X.jpeg,KDQ731CQCS33G.jpeg,KCK306PUVS09W.jpeg,KDI794TFCS900.jpeg,KCK224KPES70B.jpeg,KCK304CVES03W.jpeg,KDP510RPRS12U.jpeg,KCK177CVAS06W.jpeg,KCK353MCMS900.jpeg,KCK231TLCS900.jpeg,KCK299CNFS12U.jpeg
MicrosoftTeams-image_42.png,30MTSUR14A0.jpeg,30MTSUMR41A0.jpeg,EVDRSUQRB0A1.jpeg,BOBYR1UXR10A0.jpeg,30MTS4UXGF0GP.jpeg,30MNRIR10A1.jpeg,EVDRSUQRB0G0.jpeg,DSGTR1UXR10A0.jpeg,COLORQ1DDBSQ.jpeg,BOBYR1UXR42FR.jpeg,DSGTA1UXR10A0.jpeg,DSGTS1UXR10A0.jpeg,DIORCLAN2J5G1I.jpeg,EVDRS1UQRB0G0.jpeg,WLDRS2UXR30B0.jpeg,MONSIEUR2XWY1I.jpeg,LINK18079O.jpeg,30MNTGN8072K.jpeg,DIRECTIONDM2A9.jpeg,CLUBM4UWR45A0.jpeg
MicrosoftTeams-image_44.png,DSGTR1UXR10A0.jpeg,BOBYR1UXR10A0.jpeg,DSGTS1UXR10A0.jpeg,WLDRS2UXR30B0.jpeg,DSGTA1UXR10A0.jpeg,CLUBM4UWR45A0.jpeg,DSGTB1UXR50B0.jpeg,EVDRAUQRB0B0.jpeg,WLDRBUXR40A0.jpeg,CATSTYLE1SHKN0T.jpeg,DSGTB2UZRF0A4.jpeg,30MTSUMR41A0.jpeg,30MTSUR14A0.jpeg,DIRECTIONDM2A9.jpeg,BOBYB1UXR40C0.jpeg,ATTITUDE22M01I.jpeg,CLUB371CHO.jpeg,DSGTB1UXR10A0.jpeg,BOBYR1UXR42FR.jpeg,SOREALA3YG9P.jpeg
MicrosoftTeams-image_45.png,DSGTA1UXR10A0.jpeg,30MTSUMR41A0.jpeg,CLUBM4UWR45A0.jpeg,DSGTS6UXR10A0.jpeg,30MTSUR14A0.jpeg,30MNTGN11EDO7.jpeg,DSGTS6UXR20B0.jpeg,DSGTS7FXR10A0.jpeg,DSGTB1UXR10A0.jpeg,DSGTS1UXR10A0.jpeg,WLDRBUXR40A0.jpeg,30MNTGN8072K.jpeg,EVDRSUQRB0A1.jpeg,DSGTR1UXR10A0.jpeg,EVDRAUQRB0B0.jpeg,30MTS3UXR12A1.jpeg,WLDRS2UXR30B0.jpeg,EVDRSUQRB0G0.jpeg,DIORCLAN2J5G1I.jpeg,LINK18079O.jpeg
MicrosoftTeams-image_46.png,WLDRS2UXR30B0.jpeg,DSGTS6UXR10A0.jpeg,BOBYS2UXR10A1.jpeg,DIORCLAN2J5G1I.jpeg,BOBYB1UXR40C0.jpeg,30MTS3UXR12A1.jpeg,30MTBUXR55F1.jpeg,DSGTS7FXR10A0.jpeg,BOBYR1UXR42FR.jpeg,30MNTGN11EDO7.jpeg,BOBYR1UXR10A0.jpeg,30MNRIR10A1.jpeg,DSGTB1UXR10A0.jpeg,DSGTA1UXR10A0.jpeg,30MTSUMR41A0.jpeg,WLDRBUXR40A0.jpeg,DSGTR1UXR10A0.jpeg,SOCIETY3J5G9O.jpeg,LINK18079O.jpeg,DIORCLAN108686.jpeg
MicrosoftTeams-image_48.png,BOBYR1UXR10A0.jpeg,DSGTR1UXR10A0.jpeg,BOBYS2UXR10A1.jpeg,BOBYR1UXR42FR.jpeg,DSGTA1UXR10A0.jpeg,30MNRIR10A1.jpeg,WLDRS2UXR30B0.jpeg,DSGTS1UXR10A0.jpeg,30MTSUR14A0.jpeg,DIORCLAN2J5G1I.jpeg,BOBYB1UXR40C0.jpeg,30MNTGN11EDO7.jpeg,30MTSUMR41A0.jpeg,30MTBUXR55F1.jpeg,SOSTELAIR3EPZYB.jpeg,DSGTS7FXR10A0.jpeg,30MTS3UXR12A1.jpeg,LINK18079O.jpeg,DSGTS6UXR20B0.jpeg,DSGTS6UXR10A0.jpeg
MicrosoftTeams-image_50.png,30MTSUR14A0.jpeg,30MTSUMR41A0.jpeg,DSGTA1UXR10A0.jpeg,DSGTR1UXR10A0.jpeg,WLDRS2UXR30B0.jpeg,DSGTS6UXR10A0.jpeg,BOBYR1UXR10A0.jpeg,DSGTS1UXR10A0.jpeg,CLUBM4UWR45A0.jpeg,DSGTS7FXR10A0.jpeg,30MNTGN11EDO7.jpeg,30MNRIR10A1.jpeg,LADYDIORS2ACI1I.jpeg,BOBYR1UXR42FR.jpeg,DIORCLAN2J5G1I.jpeg,DIORCLAN108686.jpeg,BOBYS2UXR10A1.jpeg,LINK18079O.jpeg,BOBYB1UXR40C0.jpeg,30MTS3UXR12A1.jpeg
MicrosoftTeams-image_53.png,S5614CCEHM14F.jpeg,S5652CCEHM81B.jpeg,S5654CCEHM81B.jpeg,S5614SLLOM989.jpeg,S5619SLLOM989.jpeg,S5614CCEHM423.jpeg,S5652CCEHM900.jpeg,S204SOLMJXM13L.jpeg,S2057OWPJM900.jpeg,S5610CWVGM50H.jpeg,S3003CLLMM900.jpeg,S0181ONMJM76P.jpeg,S5652CCEHM03Z.jpeg,S5610CWVGM50R.jpeg,S0007OVRBM900.jpeg,B0049CNOHM911.jpeg,M9206UPIXM46E.jpeg,M9206UAYCM61E.jpeg,S2057OBAEM116.jpeg,S5039UWHCM116.jpeg
MicrosoftTeams-image_54.png,S5652CCEHM81B.jpeg,S0007OVRBM900.jpeg,S5652CCEHM900.jpeg,M9206ULMJM17L.jpeg,S5614CCEHM14F.jpeg,M9206UAYCM61E.jpeg,S204SOCYMXM428.jpeg,S2057OBAEM116.jpeg,S5610CWVGM50H.jpeg,S204SOLMJXM13L.jpeg,S204SPAHGXM716.jpeg,M9206UPIXM914.jpeg,M9203UAAUXM900.jpeg,S7005CLLMM900.jpeg,S204SOAHGXM334.jpeg,S0204JANHXM07J.jpeg,S5614CWGSM919.jpeg,S0328CNOSM900.jpeg,S0204OLERXM42R.jpeg,S5654CCEHM81B.jpeg