MMC,Product_BusinessUnitDesc,Encoded_Label
010M03A1116X9000,W RTW,2
010M09A1101X0863,W RTW,2
010M27A0006X0200,W RTW,2
011A11A1166X4150,W RTW,2
011A11A1166X9000,W RTW,2
011B13A6014X0200,W RTW,2
011B48A3874X0863,W RTW,2
011D01A1166X5645,W RTW,2
011D01A1166X9000,W RTW,2
011D02A1166X3250,W RTW,2
011G05ACMIXX0863,W RTW,2
011G07A1166X9000,W RTW,2
011G12A1166X4150,W RTW,2
011G13A1212X0200,W RTW,2
011J12A1166X9000,W RTW,2
011J22X8801X9000,W RTW,2
011J50A8976X9632,W RTW,2
011P11A1166X9000,W RTW,2
011P12A3862X0863,W RTW,2
011P34A1166X5435,W RTW,2
011R33A7970X9639,W RTW,2
011R68A1212X4150,W RTW,2
011R70A1166X9000,W RTW,2
011V41A3062X5435,W RTW,2
012A09A3232X5597,W RTW,2
012B03A3985X5902,W RTW,2
012J03A3236X0835,W RTW,2
013L02A4006X5435,W RTW,2
013T03WC437X9663,W RTW,2
013T05TU430X0854,W RTW,2
014C10AM034X1705,W RTW,2
014E01CM514X0863,W RTW,2
014E20CM514X0863,W RTW,2
014E20TU507X0850,W RTW,2
014P02AM042X5800,W RTW,2
014S26AM028X2847,W RTW,2
014S52AM044X9650,W RTW,2
014S52WC029X0863,W RTW,2
014S55AM042X0820,W RTW,2
014S58AM304X0200,W RTW,2
014S59AM005X4220,W RTW,2
014S62TM033X5902,W RTW,2
014S73AM105X4235,W RTW,2
014S92AM032X0863,W RTW,2
015R30AL030X9000,W RTW,2
015V02WL220X8265,W RTW,2
017M44A2960X9000,W RTW,2
017V55A2960X6830,W RTW,2
01BB01A2102X4847,W RTW,2
021B18A8765X4150,W RTW,2
021B39A6009X4217,W RTW,2
021B39A7018X5840,W RTW,2
021E04A7722X1851,W RTW,2
021J12A8676X9366,W RTW,2
021J21A8680X9381,W RTW,2
021J50A7109X5830,W RTW,2
021L11A6724X9376,W RTW,2
021L35ADMIXX0200,W RTW,2
021P05A9718X9611,W RTW,2
021P38A6560X9654,W RTW,2
021R11A8676X9366,W RTW,2
021R14A1212X0200,W RTW,2
021R14A1212X9000,W RTW,2
021R26A6724X9376,W RTW,2
021R26ADMIXX0200,W RTW,2
021R33X8808X9000,W RTW,2
021R36X8808X9000,W RTW,2
021R53A7722X1851,W RTW,2
021R63A1166X4150,W RTW,2
021R63A1166X8270,W RTW,2
021R63A1166X9000,W RTW,2
021R71A8677X0845,W RTW,2
021R86A3836X9645,W RTW,2
021V26A3360X9305,W RTW,2
022P01A3154X9374,W RTW,2
022P24A3328X4220,W RTW,2
023T03TC443X9605,W RTW,2
023T05A4430X0858,W RTW,2
024E63AM308X9641,W RTW,2
024G03TM110X1660,W RTW,2
024S14TM014X9654,W RTW,2
024S26JG007X0875,W RTW,2
024S35TM110X8270,W RTW,2
027C10A2826X5882,W RTW,2
027C18A2961X0100,W RTW,2
027J19A3339X8270,W RTW,2
040M25A1113X1832,W RTW,2
040M25A1113X5871,W RTW,2
040M36A1116X1402,W RTW,2
040V23A1113X1832,W RTW,2
041B19A6009X9000,W RTW,2
041B22A1212X9000,W RTW,2
041B24A1212X9000,W RTW,2
041B27A6130X5609,W RTW,2
041B27A6170X0882,W RTW,2
041B27A6170X8882,W RTW,2
041B54A6740X1864,W RTW,2
041G03A1087X9330,W RTW,2
041L10X8808X5900,W RTW,2
041L15A2006X5640,W RTW,2
041P41A1184X5871,W RTW,2
041R05A1166X5645,W RTW,2
041R06A1212X4150,W RTW,2
041R09A8788X0200,W RTW,2
041R21A7631X1852,W RTW,2
041R37A1262X6824,W RTW,2
041R39A1212X3250,W RTW,2
041R39A1212X4150,W RTW,2
041V17A1087X9330,W RTW,2
042J04A3159X6642,W RTW,2
042R01A3330X5701,W RTW,2
043T03CP450X0800,W RTW,2
043T03CP451X5882,W RTW,2
043T03PB451X5882,W RTW,2
044E20BD507X0854,W RTW,2
044E20CA504X0150,W RTW,2
044E20CN504X0150,W RTW,2
044E20MO517X5830,W RTW,2
044G11AM507X9609,W RTW,2
044G11AM507X9656,W RTW,2
044G22AM115X1350,W RTW,2
044R01AM314X1832,W RTW,2
044S27AM703X9000,W RTW,2
044S51AM707X5882,W RTW,2
044S51BD713X0849,W RTW,2
044S51CA713X0849,W RTW,2
044S51CN713X0849,W RTW,2
044S51CN713X0858,W RTW,2
044S51FM713X0849,W RTW,2
044S51PC713X0849,W RTW,2
044S60AM018X0861,W RTW,2
044S68AM019X0200,W RTW,2
044S78MO504X0150,W RTW,2
044S97BD603X0854,W RTW,2
044S97PB603X0858,W RTW,2
044S97PC603X0849,W RTW,2
044T04AM507X9609,W RTW,2
044T16AM019X9000,W RTW,2
044W02AM507X9608,W RTW,2
046C78CF010X5460,W RTW,2
047C09A2860X6824,W RTW,2
047C10A2852X8845,W RTW,2
047C16A6818X1867,W RTW,2
047G10A3905X1320,W RTW,2
047J44A3343X5830,W RTW,2
048V98AL830X9000,W RTW,2
04BP01A2840X9608,W RTW,2
04BS01A2840X9608,W RTW,2
050M07S1294X9000,W RTW,2
050M09A1285X8806,W RTW,2
051B46A7020X5840,W RTW,2
051J32A1238X9330,W RTW,2
051J59A3758X5898,W RTW,2
051L38A1242X8806,W RTW,2
051P45A1290X7812,W RTW,2
051V05A1284X7817,W RTW,2
051V20A1166X0200,W RTW,2
054E01AM521X3829,W RTW,2
054G12AM055X5820,W RTW,2
054G30AM115X9000,W RTW,2
054L03AM605X9000,W RTW,2
054S12AM017X8803,W RTW,2
054S51AM716X0856,W RTW,2
054S63AM115X0200,W RTW,2
054S76AM029X9000,W RTW,2
054T41AM703X9000,W RTW,2
055P98AL100X9000,W RTW,2
055V22AL005X9000,W RTW,2
056G18AF010X0201,W RTW,2
056M42AF003X9000,W RTW,2
057C19A1116X5640,W RTW,2
057P21A2821X5898,W RTW,2
110M36A1384X0888,W RTW,2
111B18X8808X9900,W RTW,2
111B54A3780X9609,W RTW,2
111J14A7780X0300,W RTW,2
111J15A3887X0888,W RTW,2
111J40A8505X9000,W RTW,2
111J51A1212X9000,W RTW,2
111J60Y8808X8120,W RTW,2
111J64A8505X0300,W RTW,2
111P38A6805X0861,W RTW,2
111P51A7771X9330,W RTW,2
111R17A1166X4150,W RTW,2
111V03A7762X8402,W RTW,2
111V17A7763X1813,W RTW,2
111V29A6805X0858,W RTW,2
111V29A6805X1821,W RTW,2
111V33A6805X0817,W RTW,2
111V35A6805X1821,W RTW,2
112E01A3341X5651,W RTW,2
112J06A3941X5817,W RTW,2
112V19A3940X5817,W RTW,2
113S04A4013X8851,W RTW,2
113T03RL464X0200,W RTW,2
114E47AM726X5803,W RTW,2
114E82AM722X0200,W RTW,2
114L08AM703X0200,W RTW,2
114P17AM035X9330,W RTW,2
114S27AM115X9000,W RTW,2
114S48AM725X5802,W RTW,2
114S51AM716X5882,W RTW,2
114S55AM150X9406,W RTW,2
114T26AM703X9000,W RTW,2
115B22XL029X9665,W RTW,2
115B30AL113X9000,W RTW,2
115J53AL030X9676,W RTW,2
117J61A3790X5809,W RTW,2
117V44A3790X5809,W RTW,2
11BP01A2842X6813,W RTW,2
11BS01A2842X5803,W RTW,2
120M34A1116X5640,W RTW,2
120V44A1375X5803,W RTW,2
121B24A3356X0100,W RTW,2
121B54A3234X5302,W RTW,2
121L45A7740X9717,W RTW,2
121L45A7741X9718,W RTW,2
121M15A7867X9631,W RTW,2
121P23A7682X1892,W RTW,2
121P45B3360X5830,W RTW,2
121R07A7741X9718,W RTW,2
121R27A6662X5824,W RTW,2
121V33A6662X5824,W RTW,2
121V45A1212X9000,W RTW,2
122J02X3376X0891,W RTW,2
123T04A4434X5864,W RTW,2
123T04A4435X0200,W RTW,2
124E11DM315X1848,W RTW,2
124E55AM763X0200,W RTW,2
124J08AM762X1650,W RTW,2
124S17AM762X1650,W RTW,2
124S24AM126X1852,W RTW,2
124S43AM411X1884,W RTW,2
124S55AM128X0872,W RTW,2
124T46AM720X0861,W RTW,2
124V03AS211X5685,W RTW,2
125J31WL146X1886,W RTW,2
125V44AL015X9000,W RTW,2
127C10A3665X5687,W RTW,2
127C10A3671X5687,W RTW,2
127J24A2826X5813,W RTW,2
127R40A2970X8854,W RTW,2
140C13A0006X0200,W RTW,2
140M36A0006X0200,W RTW,2
140M39A0006X0200,W RTW,2
140M39A0006X9000,W RTW,2
141B19A3842X4813,W RTW,2
141B58A3356X0100,W RTW,2
141C17X8648X9000,W RTW,2
141G12A1342X5848,W RTW,2
141J51A8986X5645,W RTW,2
141J60A6770X9394,W RTW,2
141J62A8800X5645,W RTW,2
141P08A1186X9330,W RTW,2
141P23A6614X8830,W RTW,2
141P36A6776X4813,W RTW,2
141P62A1342X0823,W RTW,2
141P62A7631X5844,W RTW,2
141P62A7642X1817,W RTW,2
141R05A1300X5824,W RTW,2
141R29A8654X5607,W RTW,2
141R68A6754X5801,W RTW,2
141R70A1194X4292,W RTW,2
141R70A1336X3822,W RTW,2
141V01A7608X8830,W RTW,2
141V35A6776X5813,W RTW,2
142J04A3399X9000,W RTW,2
142J04A3401X5652,W RTW,2
142V11A3406X5803,W RTW,2
143P22AS011X5878,W RTW,2
143R20ST047X0200,W RTW,2
143S04A4044X8854,W RTW,2
143S07A4050X5803,W RTW,2
143S20A4005X0878,W RTW,2
143T04LA043X0200,W RTW,2
143T09A4472X0200,W RTW,2
143T12A4463X0200,W RTW,2
143T12A4464X0200,W RTW,2
143T12B4477X0803,W RTW,2
143T12B4477X0805,W RTW,2
143T52A4040X5810,W RTW,2
144G54AM002X8400,W RTW,2
144G60AM134X0878,W RTW,2
144M02AM303X5810,W RTW,2
144R14BM724X5801,W RTW,2
144S05AM009X6810,W RTW,2
144S21AM074X5620,W RTW,2
144S45AM727X4492,W RTW,2
144S49BD603X4862,W RTW,2
144S49BK603X4862,W RTW,2
144S49FM603X0854,W RTW,2
144S49IB603X0854,W RTW,2
144S49MO603X0854,W RTW,2
144S49PB603X4862,W RTW,2
144S49PF603X0854,W RTW,2
144S60DM134X9678,W RTW,2
144S71AM120X3818,W RTW,2
144S73AM067X4819,W RTW,2
144S73AM067X6819,W RTW,2
144S76AM002X8400,W RTW,2
144S76AM002X9000,W RTW,2
144S88AM115X8530,W RTW,2
144S88AM603X0854,W RTW,2
144S99AM074X8400,W RTW,2
144T46AM118X0854,W RTW,2
144T51AM603X4862,W RTW,2
144T51AM603X6862,W RTW,2
144T51CF603X4862,W RTW,2
144T51LA603X0854,W RTW,2
144T51PC603X4862,W RTW,2
145C55WL017X9801,W RTW,2
146C04AF010X8790,W RTW,2
146C20AF003X5610,W RTW,2
146C65AF003X8790,W RTW,2
146G07AF218X0825,W RTW,2
146M16AF010X8790,W RTW,2
146V19AF010X0201,W RTW,2
146V19AF218X0823,W RTW,2
146V19AF510X8250,W RTW,2
147C23A2771X5830,W RTW,2
147C23A2968X8854,W RTW,2
147C32A2760X9000,W RTW,2
147J14A3336X1702,W RTW,2
147J42A2826X4856,W RTW,2
147J42A2826X6813,W RTW,2
147P21A2826X5813,W RTW,2
147P65B2120X3905,W RTW,2
147V44A2114X9000,W RTW,2
151J46A1145X5740,W RTW,2
151J62A1166X9000,W RTW,2
151L05A1166X9000,W RTW,2
151M50A7608X2817,W RTW,2
151M59A7794X6522,W RTW,2
151P19A5222X1994,W RTW,2
151P35A1145X8625,W RTW,2
151R19A6676X8830,W RTW,2
151R28A1166X0200,W RTW,2
151R30A1166X3250,W RTW,2
151R41A1212X3250,W RTW,2
151R72A6602X6628,W RTW,2
151V35A6842X1831,W RTW,2
152R10A3440X5712,W RTW,2
152V11A3243X0803,W RTW,2
152V41A3432X5516,W RTW,2
152V42A3440X5712,W RTW,2
153T12DA454X0803,W RTW,2
154S11AM007X6606,W RTW,2
154S11AM007X8355,W RTW,2
154S32AM120X0830,W RTW,2
154S55AM114X9330,W RTW,2
156M29AF003X9000,W RTW,2
156M88AF010X1460,W RTW,2
156V19AF010X5645,W RTW,2
157C09A2982X0879,W RTW,2
157J24A2982X0879,W RTW,2
157R40A2732X0835,W RTW,2
157R40A2737X3839,W RTW,2
157V49A3439X8876,W RTW,2
15BS07A2851X5803,W RTW,2
210C43A1810X5803,W RTW,2
210M28A0006X0200,W RTW,2
210M28A1116X3250,W RTW,2
210M40A1375X5803,W RTW,2
211B54A3771X0819,W RTW,2
211J22A1166X0200,W RTW,2
211J22A1166X9000,W RTW,2
211J57A3863X1879,W RTW,2
211L14X6601X0200,W RTW,2
211L19X8808X1900,W RTW,2
211L20X6601X0200,W RTW,2
211L26A7802X0869,W RTW,2
211P32A1166X5645,W RTW,2
211P32A1166X9000,W RTW,2
211P33A1110X9330,W RTW,2
211P33A1166X5645,W RTW,2
211R35A1166X4150,W RTW,2
211R36A7150X5802,W RTW,2
211R66A3863X1879,W RTW,2
211V07A3486X4869,W RTW,2
211V10A6102X0200,W RTW,2
213P03A4077X4855,W RTW,2
213P03A4077X5881,W RTW,2
214E27AM925X1998,W RTW,2
214G38AM901X1998,W RTW,2
214G50AM720X4869,W RTW,2
214G50AM903X1998,W RTW,2
214P17AM045X5865,W RTW,2
214R05AM905X1998,W RTW,2
214S45AM118X0851,W RTW,2
214S87AM715X5645,W RTW,2
214S97AT903X1998,W RTW,2
214V06AM045X5865,W RTW,2
215C62WL033X1998,W RTW,2
215J22AL015X9000,W RTW,2
216C44AF221X5801,W RTW,2
216G18AF003X8450,W RTW,2
216V19AF222X0200,W RTW,2
216V19AF222X5810,W RTW,2
217C21A2987X1998,W RTW,2
217C28A2864X9681,W RTW,2
217P43S2975X1998,W RTW,2
217R40A2977X5803,W RTW,2
218C74AL815X0200,W RTW,2
218C74AL815X1445,W RTW,2
220J95A1116X2660,W RTW,2
221B54A3846X2826,W RTW,2
221B54A3846X4856,W RTW,2
221J36A1162X4494,W RTW,2
221J37A8166X1994,W RTW,2
221J38A8801X9000,W RTW,2
221J65L7607X1029,W RTW,2
221J90A3846X5813,W RTW,2
221J97A3277X4874,W RTW,2
221L12A6715X5598,W RTW,2
221P30A6079X9756,W RTW,2
221R08A1162X9000,W RTW,2
221R26A5110X6240,W RTW,2
221R39A1166X9000,W RTW,2
221R51A1152X5855,W RTW,2
221R58A1212X0200,W RTW,2
221R58A1212X3250,W RTW,2
221R81A3802X0861,W RTW,2
221R90A1166X9000,W RTW,2
221V09A1166X9000,W RTW,2
221V21A5110X2660,W RTW,2
221V33A6829X5897,W RTW,2
221V42S1212X9000,W RTW,2
221V66A1313X3832,W RTW,2
221V68A1004X3832,W RTW,2
221V71A1003X3832,W RTW,2
223G01A4081X4804,W RTW,2
223T18A4499X4804,W RTW,2
223T19A4497X0200,W RTW,2
224S09AM308X4800,W RTW,2
224S13AM403X6873,W RTW,2
224S34AM011X5855,W RTW,2
224S51AM712X5855,W RTW,2
224S55AM010X2875,W RTW,2
224V13BM508X9000,W RTW,2
224V50AM110X5882,W RTW,2
225J87AL118X0200,W RTW,2
225P50AL118X0200,W RTW,2
227B39A3339X1719,W RTW,2
227M39A2827X9000,W RTW,2
227M65A3905X5634,W RTW,2
227M67A2350X6240,W RTW,2
227P53A2826X2826,W RTW,2
22BP08F2825X2825,W RTW,2
241B05A7729X9000,W RTW,2
241B26A6133X0200,W RTW,2
241B32A3356X0100,W RTW,2
241B61A3504X0863,W RTW,2
241J38A1030X9000,W RTW,2
241J61A6102X9000,W RTW,2
241L06A6102X9000,W RTW,2
241M03A1125X9330,W RTW,2
241P01A1166X9000,W RTW,2
241P04S1166X9000,W RTW,2
241R30A1211X9000,W RTW,2
241R36A7608X5830,W RTW,2
241R45A3504X9363,W RTW,2
241R53A7729X9000,W RTW,2
241V19A1162X9000,W RTW,2
241V20X1162X9000,W RTW,2
241V29A6746X9637,W RTW,2
241V33A6633X9729,W RTW,2
241V52A1162X9000,W RTW,2
242E14S3525X0100,W RTW,2
242P04S3374X9000,W RTW,2
242P04S3525X0100,W RTW,2
242V11A3526X5881,W RTW,2
243T20A4082X9330,W RTW,2
244P40AM512X9000,W RTW,2
244S15AM730X4808,W RTW,2
244S15IB730X4808,W RTW,2
244S15LA730X5808,W RTW,2
244S15ST730X4808,W RTW,2
244S15TA730X4808,W RTW,2
244S25BM401X2830,W RTW,2
244S28AM734X6890,W RTW,2
244S57ST054X4453,W RTW,2
244S73SN320X0849,W RTW,2
244S94AM054X9000,W RTW,2
244S97AM730X2808,W RTW,2
244S97BA730X2808,W RTW,2
244S98AM054X4453,W RTW,2
244S98BA054X5318,W RTW,2
244T50AM140X0930,W RTW,2
246G31AF010X8530,W RTW,2
246M79AF010X8785,W RTW,2
246V21AF003X1753,W RTW,2
247B36A3339X9000,W RTW,2
247B37A3126X0815,W RTW,2
247C04A3332X1700,W RTW,2
247C22A2756X0998,W RTW,2
247C26A2757X0998,W RTW,2
247C30A3943X2830,W RTW,2
247P08A3332X1700,W RTW,2
247P69A3439X8876,W RTW,2
248C47AL831X2817,W RTW,2
248C81AL800X7680,W RTW,2
248C89AL813X0200,W RTW,2
251J47A2641X9820,W RTW,2
251J50K7879X9255,W RTW,2
251J51S1186X9330,W RTW,2
251J55A1186X9330,W RTW,2
251L22B6602X9000,W RTW,2
251L24A6602X2910,W RTW,2
251P04A3221X9000,W RTW,2
251P77A6849X0810,W RTW,2
251R25X6601X9000,W RTW,2
251R44A1166X9000,W RTW,2
251R81B3802X1821,W RTW,2
251V15A1030X8700,W RTW,2
251V15A1186X9330,W RTW,2
251V15X1166X9000,W RTW,2
251V16A3221X9000,W RTW,2
251V19A1186X9330,W RTW,2
254G60EM134X9661,W RTW,2
254P55AM880X0878,W RTW,2
254R17AM523X9000,W RTW,2
254S03AM131X8810,W RTW,2
254S54AM048X1700,W RTW,2
254S75AM845X9000,W RTW,2
254S78AM149X4854,W RTW,2
254V53AM514X9330,W RTW,2
257J64A3754X1800,W RTW,2
257J98A3125X0810,W RTW,2
257M76A3754X1800,W RTW,2
257V34A1258X9330,W RTW,2
257V36A1298X9372,W RTW,2
258G19AL801X9580,W RTW,2
258V39AL801X9580,W RTW,2
25BB11A2892X3550,W RTW,2
25BS11A2891X5550,W RTW,2
310M67A1375X9000,W RTW,2
311J01A3105X1652,W RTW,2
311J09B1166X4220,W RTW,2
311J11A8810X9000,W RTW,2
311P30A6852X1998,W RTW,2
311R88A7631X9330,W RTW,2
311V29A6856X0825,W RTW,2
312P06A3567X4228,W RTW,2
312P23A3570X4810,W RTW,2
312R17A3570X4810,W RTW,2
312V11A3546X1998,W RTW,2
312V11A3567X4228,W RTW,2
312V20A3554X5549,W RTW,2
314S85AM713X5800,W RTW,2
317C27A3905X9000,W RTW,2
317J31A2827X9000,W RTW,2
321B36A3356X9000,W RTW,2
321J19A3141X9330,W RTW,2
321J44A3332X9000,W RTW,2
321P05A3141X0930,W RTW,2
321P05A3607X9000,W RTW,2
321P05B3157X1802,W RTW,2
321V31A3249X1297,W RTW,2
323T09A4428X0200,W RTW,2
323T43A4416X0200,W RTW,2
327B20A3141X9330,W RTW,2
327P05A3144X6667,W RTW,2
327R14A3332X1700,W RTW,2
841V01A1166X3386,W RTW,2
841V01A1166X4150,W RTW,2
843T03TA428X0200,W RTW,2
844S81AM115X9000,W RTW,2
854E01AM507X0854,W RTW,2
911B54A3802X0849,W RTW,2
911B54A3810X0854,W RTW,2
911J29A3802X0812,W RTW,2
913T03JA428X0800,W RTW,2
913T06JB425X6803,W RTW,2
917P85A6634X5640,W RTW,2
921J12A6801X4823,W RTW,2
921J26A8928X9000,W RTW,2
922P02A3932X5846,W RTW,2
92BP01A2816X5863,W RTW,2
940C08A1068X8741,W RTW,2
941G03A1162X5645,W RTW,2
941J06A8709X3250,W RTW,2
941J06A8709X4220,W RTW,2
941R60A8928X0200,W RTW,2
943T03A4431X0856,W RTW,2
943T05CP430X0854,W RTW,2
944E01AM510X0849,W RTW,2
944E20FM507X0854,W RTW,2
944E20IB507X0849,W RTW,2
944E20MY507X0852,W RTW,2
944E20MY507X0856,W RTW,2
944E20PF507X0849,W RTW,2
944E20ST507X0856,W RTW,2
944E50AM510X0854,W RTW,2
944G04AM406X0825,W RTW,2
944S26RB012X1815,W RTW,2
944S95ST603X0854,W RTW,2
944S96CP032X0852,W RTW,2
944S96CP032X0854,W RTW,2
944S96FM032X0852,W RTW,2
944S96FM032X0854,W RTW,2
944S96IB032X0856,W RTW,2
944S96MY032X0849,W RTW,2
944S96MY032X0854,W RTW,2
944S96ST032X0852,W RTW,2
94BB01A2801X0852,W RTW,2
950V36A1190X6808,W RTW,2
951B03A6028X9309,W RTW,2
951B08A3952X6817,W RTW,2
951B13A2016X9330,W RTW,2
951J26A1186X9330,W RTW,2
951J33A3958X0800,W RTW,2
951J45A1182X6808,W RTW,2
951L38A7810X9000,W RTW,2
951P19A1184X6808,W RTW,2
951R12A1184X9330,W RTW,2
951R22A1166X5645,W RTW,2
951V46A1202X5825,W RTW,2
952E01A3321X5425,W RTW,2
952J07A3227X5430,W RTW,2
952P07A3321X5425,W RTW,2
953T03SD440X0200,W RTW,2
953T03SG428X0300,W RTW,2
953T03SG440X0200,W RTW,2
953T03SP428X1000,W RTW,2
954E25AM201X9000,W RTW,2
954E51AM509X6808,W RTW,2
954T31AM001X9000,W RTW,2
S00074NEEM900,W SLG,3
S0007ONMJM44M,W SLG,3
S0007ONMJM81P,W SLG,3
S0007OVRBM69H,W SLG,3
S0007OVRBM900,W SLG,3
S0011ONMJM54H,W SLG,3
S0011ONMJM77P,W SLG,3
S0011OVRBM323,W SLG,3
S0011PVRBM323,W SLG,3
S0020ONMJM54H,W SLG,3
S0020OVRBM90B,W SLG,3
S0020PVRBM414,W SLG,3
S0074ILOIM90B,W SLG,3
S0074OKSFM50E,W SLG,3
S0074ONMJM45U,W SLG,3
S0074OSBXM911,W SLG,3
S0074OTYGM886,W SLG,3
S0074OVRBM323,W SLG,3
S0074OVRBM49P,W SLG,3
S0074OVRBM669,W SLG,3
S0074OVRBM81B,W SLG,3
S0074OVRBM90B,W SLG,3
S0074OWECM10L,W SLG,3
S0074PCALM900,W SLG,3
S0074PVRBM414,W SLG,3
S0105CNPIM29O,W SLG,3
S0105OSNIM37E,W SLG,3
S0110ONMJM43F,W SLG,3
S0126JAETM64K,W SLG,3
S0126JWECM64K,W SLG,3
S0126OSDLM911,W SLG,3
S0126OSNIM37E,W SLG,3
S0126OVRBM49P,W SLG,3
S0126OVRBM68P,W SLG,3
S0126OVRBM69P,W SLG,3
S0126OVRBM900,W SLG,3
S0126PSKCM090,W SLG,3
S0126PVRBM323,W SLG,3
S0178OADUM11G,W SLG,3
S0178ONMJM52R,W SLG,3
S0178ONXSM01E,W SLG,3
S0178OVRBM12F,W SLG,3
S0178OVRBM14F,W SLG,3
S0178OVRBM71P,W SLG,3
S0178OVRBM900,W SLG,3
S0178OVRBM94B,W SLG,3
S0178SSRGM49E,W SLG,3
S0179CGSCM941,W SLG,3
S0181ONMJM398,W SLG,3
S0181ONMJM76P,W SLG,3
S0181ONMJM77P,W SLG,3
S0181OVRBM27Y,W SLG,3
S0181OVRBM81B,W SLG,3
S0181PNMJM08Z,W SLG,3
S0200ONMJM900,W SLG,3
S0204JAHGXM432,W SLG,3
S0204JAHKXM16Y,W SLG,3
S0204JANHXM07J,W SLG,3
S0204JLERXM41G,W SLG,3
S0204OAHGXM40M,W SLG,3
S0204OAHGXM716,W SLG,3
S0204OAHGXM830,W SLG,3
S0204OAHKXM16Y,W SLG,3
S0204OAHKXM50P,W SLG,3
S0204OAHKXM61P,W SLG,3
S0204OBBBM941,W SLG,3
S0204OCYMXM010,W SLG,3
S0204OLERXM42R,W SLG,3
S0204ONMJM42R,W SLG,3
S0204ONMJM900,W SLG,3
S0204OOCCM71P,W SLG,3
S0204ORERM885,W SLG,3
S0204OSAKM49E,W SLG,3
S0204OSJAM941,W SLG,3
S0204OVRBM41R,W SLG,3
S0204OVRBM50R,W SLG,3
S0204OVRBM97B,W SLG,3
S0204PAHGXM50R,W SLG,3
S0204PAHKXM030,W SLG,3
S0204PAHKXM61P,W SLG,3
S0204PLERXM41G,W SLG,3
S0206ONMJM50R,W SLG,3
S0206ONMJM900,W SLG,3
S0311CNOEM40R,W SLG,3
S0311OVKQM04J,W SLG,3
S0311SWLIM989,W SLG,3
S0328CNOSM87B,W SLG,3
S0328CNOSM900,W SLG,3
S0328OKSKM39E,W SLG,3
S0328OSKNM87K,W SLG,3
S0328OUIGM54P,W SLG,3
S0328OWDAM90B,W SLG,3
S0478ONMJM60P,W SLG,3
S0478ONMJM81B,W SLG,3
S0478ONMJM94B,W SLG,3
S0607CLCJM35R,W SLG,3
S0617OSKNM97K,W SLG,3
S0617OVKKM398,W SLG,3
S0617OVKKM85B,W SLG,3
S0617RSKNM76K,W SLG,3
S0619OVKKM398,W SLG,3
S0619OWDAM413,W SLG,3
S0632CLCJM35R,W SLG,3
S0632CSKSM090,W SLG,3
S0634CLCJM42R,W SLG,3
S0634CNOSM04B,W SLG,3
S0634CNOSM29O,W SLG,3
S0650OWDAM42R,W SLG,3
S0742ONMJM94B,W SLG,3
S0744OVRBM49P,W SLG,3
S0841OVRBM74P,W SLG,3
S0853ONMJM97B,W SLG,3
S0856BNERM930,W SLG,3
S0856BNERM941,W SLG,3
S0856OAATM37O,W SLG,3
S0856OLDQM31E,W SLG,3
S0856OROZM929,W SLG,3
S0856ORWOM70H,W SLG,3
S0856OWCBM030,W SLG,3
S0856OWCBM74P,W SLG,3
S0856OWCBM900,W SLG,3
S0872ONGHM900,W SLG,3
S0872ONHBM030,W SLG,3
S0872ONMJM77P,W SLG,3
S0872ONMJM900,W SLG,3
S0872OVRBM26Y,W SLG,3
S0878ONMJM01Z,W SLG,3
S0918OAYCM17A,W SLG,3
S0918ONMJM67P,W SLG,3
S0918ONMJM97B,W SLG,3
S0935ONMJM76P,W SLG,3
S0935OWCBM03Z,W SLG,3
S0946OVRBM900,W SLG,3
S0949HAQRJM042,W SLG,3
S0959ONMJM29Y,W SLG,3
S0965ONMJM69H,W SLG,3
S0965ONMJM76P,W SLG,3
S0977BNMJM030,W SLG,3
S0977BNMJM900,W SLG,3
S0981ONMJM030,W SLG,3
S1094CBTEM928,W SLG,3
S1095ZVXXM888,W SLG,3
S2012CNMJM41R,W SLG,3
S2022UEMUM31E,W SLG,3
S2022UROQM808,W SLG,3
S2022UWHCM01H,W SLG,3
S2022UWHCM900,W SLG,3
S2022WNGIM900,W SLG,3
S204SJAHGXM04B,W SLG,3
S204SJAHGXM10V,W SLG,3
S204SJAHGXM225,W SLG,3
S204SJAHGXM54H,W SLG,3
S204SJAHKXM55H,W SLG,3
S204SJAHKXM821,W SLG,3
S204SOAHGXM334,W SLG,3
S204SOAHGXM659,W SLG,3
S204SOCYMXM428,W SLG,3
S204SOCYMXM62P,W SLG,3
S204SOCYMXM649,W SLG,3
S204SOLMJXM13L,W SLG,3
S204SPAHGXM716,W SLG,3
S204SPAHKXM61P,W SLG,3
S204SPLERXM35M,W SLG,3
S204SPLERXM42R,W SLG,3
S2057OBAEM116,W SLG,3
S2057OBAEM41G,W SLG,3
S2057OWPJM900,W SLG,3
S2057PBAEM90B,W SLG,3
S2058JFIAM884,W SLG,3
S2084OBAEM68P,W SLG,3
S2084OSKCM07J,W SLG,3
S2084OWBHM59P,W SLG,3
S2086OBAEM60P,W SLG,3
S2086OBAEM81B,W SLG,3
S2086OSKCM07J,W SLG,3
S2088UMMWM900,W SLG,3
S2088USKCM26L,W SLG,3
S2089USKCM07J,W SLG,3
S2110UMOSM49P,W SLG,3
S2110UMOSM900,W SLG,3
S2110UMOSM991,W SLG,3
S2113PBAEM90B,W SLG,3
S2114UTZQM917,W SLG,3
S2123UTZQM928,W SLG,3
S2136UWGNM920,W SLG,3
S2152OBAEM41G,W SLG,3
S3003CLLMM900,W SLG,3
S3003CNPIM900,W SLG,3
S3003CVYIM92K,W SLG,3
S5030UWHCM04Z,W SLG,3
S5030UWHCM56R,W SLG,3
S5032UWHCM81B,W SLG,3
S5032UWHCM900,W SLG,3
S5033UWHCM65H,W SLG,3
S5034UWHCM68H,W SLG,3
S5037UNGIM900,W SLG,3
S5037UWHCM44M,W SLG,3
S5039UWHCM116,W SLG,3
S5043UNSQM45M,W SLG,3
S50864HPVM15F,W SLG,3
S5086UNGXM41G,W SLG,3
S5086UWFQM93B,W SLG,3
S5086UWHCM45M,W SLG,3
S5087WNSQM65H,W SLG,3
S5091UWHCM030,W SLG,3
S5091UWHCM56R,W SLG,3
S5091UWHCM74P,W SLG,3
S5097WNGIM900,W SLG,3
S5098UWHCM01H,W SLG,3
S5105UWHCM26Y,W SLG,3
S5106UWHCM50P,W SLG,3
S5108UWHCM03Z,W SLG,3
S5109UMOLM03Z,W SLG,3
S5130UWHCM32Y,W SLG,3
S5132UWHCM45U,W SLG,3
S5132UWHCM81B,W SLG,3
S5134USJSM941,W SLG,3
S5134UWHCM030,W SLG,3
S5135UNGXM08Z,W SLG,3
S5137URXUM930,W SLG,3
S5137USJSM941,W SLG,3
S5140UNGXM09Z,W SLG,3
S5414CTZQM928,W SLG,3
S5418VRIWM928,W SLG,3
S5418VRIWM932,W SLG,3
S5420VRIWM928,W SLG,3
S5440INSYM928,W SLG,3
S5440OBQDM993,W SLG,3
S5440SRMOM042,W SLG,3
S5440SRMOM928,W SLG,3
S5475ZBBIM808,W SLG,3
S5475ZRGFM928,W SLG,3
S5475ZRHMM918,W SLG,3
S5475ZRIWM974,W SLG,3
S5475ZTDTM808,W SLG,3
S5476CTZQM928,W SLG,3
S5480VREYM49E,W SLG,3
S5480VTDTM808,W SLG,3
S5488UNGVM35R,W SLG,3
S5488UNTRM14F,W SLG,3
S5493STKUM928,W SLG,3
S5494SLNCN0N1,W SLG,3
S5494UTEUM928,W SLG,3
S5494VNTJM912,W SLG,3
S5496VRSEM928,W SLG,3
S5544CGSBM900,W SLG,3
S5545CGSBM90B,W SLG,3
S5554BMIGM030,W SLG,3
S5555CRHMM918,W SLG,3
S5555CRTYM930,W SLG,3
S5610CWVGM50H,W SLG,3
S5610CWVGM50R,W SLG,3
S5611CCEHM43U,W SLG,3
S5611CTZQM928,W SLG,3
S5611CTZQM974,W SLG,3
S5614CCEHM14F,W SLG,3
S5614CCEHM423,W SLG,3
S5614CWGSM919,W SLG,3
S5614CWVGM35U,W SLG,3
S5614CWVGM59P,W SLG,3
S5614SLLOM989,W SLG,3
S5619CTZQM51E,W SLG,3
S5619SLLOM989,W SLG,3
S5628CNPYM50P,W SLG,3
S5632CBAAM50P,W SLG,3
S5632CWVGM85B,W SLG,3
S5642CTZQM974,W SLG,3
S5647CWVFM928,W SLG,3
S5652CBAAM41G,W SLG,3
S5652CBAAM50P,W SLG,3
S5652CCEHM03Z,W SLG,3
S5652CCEHM81B,W SLG,3
S5652CCEHM900,W SLG,3
S5652CWGSM919,W SLG,3
S5653CCEHM27Y,W SLG,3
S5654CCEHM68P,W SLG,3
S5654CCEHM81B,W SLG,3
S5659CCEHM90B,W SLG,3
S5668CTZQM928,W SLG,3
S5671CCEHM14F,W SLG,3
S5673CBAAM900,W SLG,3
S5673CTZQM928,W SLG,3
S5675CTZQM928,W SLG,3
S5680CBAAM26Y,W SLG,3
S5681CCEHM81B,W SLG,3
S56854NEQM08Z,W SLG,3
S5685CCEHM14Z,W SLG,3
S5700CTZQM042,W SLG,3
S5700CTZQM928,W SLG,3
S5700CTZQM974,W SLG,3
S6200BSGQM808,W SLG,3
S6200OSGQM933,W SLG,3
S7004CVXSM85B,W SLG,3
S7005CLLMM900,W SLG,3
S7014CVYIM20G,W SLG,3
S7016CVQRM030,W SLG,3
S7200ONOAM933,W SLG,3
S7407CSBWM927,W SLG,3
S7408CSBWM911,W SLG,3
S7414CSBWM962,W SLG,3
S8009CVQRM85B,W SLG,3
S8045VSTJM956,W SLG,3
AUT44550M531,W Bags,1
CAL44550M030,W Bags,1
CAL44550M42R,W Bags,1
CAL44550M57H,W Bags,1
CAL44551M83B,W Bags,1
CAL44551N0,W Bags,1
CRO44500SM334,W Bags,1
LEZ44550M42R,W Bags,1
M0421CNOEM40P,W Bags,1
M0421CVKKM47R,W Bags,1
M0421CVKQM92K,W Bags,1
M0421OANGM06K,W Bags,1
M0421ORDYM939,W Bags,1
M0421OWENM19J,W Bags,1
M0422CNOEM47R,W Bags,1
M0422ORJMM939,W Bags,1
M0422ORSTM911,W Bags,1
M0422OVKKM398,W Bags,1
M0422PNAGM900,W Bags,1
M0422PVKKM413,W Bags,1
M0422SWLIM989,W Bags,1
M0446CAATXM253,W Bags,1
M0446CAHLXM225,W Bags,1
M0446CAHLXM432,W Bags,1
M0446CAHLXM61P,W Bags,1
M0446CAPWM05E,W Bags,1
M0446CAPWM936,W Bags,1
M0446CAPWM950,W Bags,1
M0446CBAAM030,W Bags,1
M0446CBAAM44M,W Bags,1
M0446CBAAM64H,W Bags,1
M0446CBAAM900,W Bags,1
M0446CCEHM900,W Bags,1
M0446CCYRXM62P,W Bags,1
M0446CIAAM53E,W Bags,1
M0446CMMKM925,W Bags,1
M0446CRBWM38M,W Bags,1
M0446CRDSM887,W Bags,1
M0446CRNUM911,W Bags,1
M0446CSAZM49E,W Bags,1
M0446CSAZM928,W Bags,1
M0446CSJGM45E,W Bags,1
M0446CSNHM37E,W Bags,1
M0446CTGUM924,W Bags,1
M0446CTZQM989,W Bags,1
M0446CWAHM989,W Bags,1
M0446CWPLM900,W Bags,1
M0446CWVGM49P,W Bags,1
M0446CWVGM900,W Bags,1
M0446IFVKM51R,W Bags,1
M0446IINFM30U,W Bags,1
M0446ILLOM50P,W Bags,1
M0446VAATXM90B,W Bags,1
M0446VAHLXM16Y,W Bags,1
M0446VAHLXM79B,W Bags,1
M0446VAHLXM821,W Bags,1
M0446VANGXM07J,W Bags,1
M0446VCYRXM25Y,W Bags,1
M0447CAATXM334,W Bags,1
M0447CAATXM645,W Bags,1
M0447CAATXM66F,W Bags,1
M0447CAHLXM225,W Bags,1
M0447CAHLXM40M,W Bags,1
M0447CAHLXM50R,W Bags,1
M0447CANGM22L,W Bags,1
M0447CANWM43R,W Bags,1
M0447CAPWM45E,W Bags,1
M0447CBAAM81B,W Bags,1
M0447CCEHM44U,W Bags,1
M0447CLEGXM334,W Bags,1
M0447CRDJM887,W Bags,1
M0447CTZQM974,W Bags,1
M0447CWGHM49P,W Bags,1
M0447CWVGM52R,W Bags,1
M0447CYEKM20Y,W Bags,1
M0447ILLOM22Y,W Bags,1
M0447SSRTM49E,W Bags,1
M0447STBQM042,W Bags,1
M0447VAHLXM41G,W Bags,1
M0447VAHLXM531,W Bags,1
M0447VAHLXM61P,W Bags,1
M0447VCHIXM030,W Bags,1
M0447VLEGXM282,W Bags,1
M0447VLEGXM41G,W Bags,1
M0455BPPXM900,W Bags,1
M0455BTIXM911,W Bags,1
M0500JAAUXM90B,W Bags,1
M0500JAAWXM423,W Bags,1
M0500JAAWXM50P,W Bags,1
M0500JAHGXM463,W Bags,1
M0500JAHKXM030,W Bags,1
M0500JAWAXM25Y,W Bags,1
M0500JAWAXM41G,W Bags,1
M0500JAZEXM253,W Bags,1
M0500JCYMXM428,W Bags,1
M0500JLAAXM574,W Bags,1
M0500OAAUXM66F,W Bags,1
M0500OAAUXM900,W Bags,1
M0500OAAWXM55H,W Bags,1
M0500OAAWXM79B,W Bags,1
M0500OAHGXM432,W Bags,1
M0500OAHKXM61P,W Bags,1
M0500OAUGXM01B,W Bags,1
M0500OCYMXM25Y,W Bags,1
M0500OCYMXM428,W Bags,1
M0500OCYMXM90B,W Bags,1
M0500OEAUM933,W Bags,1
M0500OLAAXM50H,W Bags,1
M0500OLMJXM13L,W Bags,1
M0500PAAUXM21Y,W Bags,1
M0500PAAUXM41G,W Bags,1
M0500PAAUXM900,W Bags,1
M0500PAAWXM423,W Bags,1
M0500PAUGXM010,W Bags,1
M0500PAUGXM334,W Bags,1
M0500PAZEXM31G,W Bags,1
M0500PAZEXM50R,W Bags,1
M0500PCYMXM25Y,W Bags,1
M0500PCYMXM90B,W Bags,1
M0500PLAAXM334,W Bags,1
M0500PLAAXM41G,W Bags,1
M0500PLAAXM839,W Bags,1
M0500PLERXM49P,W Bags,1
M0505CJJSXM941,W Bags,1
M0505ILOIM030,W Bags,1
M0505ILOIM41G,W Bags,1
M0505INEAM030,W Bags,1
M0505JAAUXM830,W Bags,1
M0505JAAWXM030,W Bags,1
M0505JAAWXM61P,W Bags,1
M0505JAHKXM61P,W Bags,1
M0505JAWAXM41G,W Bags,1
M0505JAZEXM40M,W Bags,1
M0505JAZEXM550,W Bags,1
M0505JAZEXM900,W Bags,1
M0505JCYMXM010,W Bags,1
M0505JLERXM49P,W Bags,1
M0505JLERXM574,W Bags,1
M0505OAAUXM90B,W Bags,1
M0505OAAWXM16Y,W Bags,1
M0505OAAWXM423,W Bags,1
M0505OAAWXM50P,W Bags,1
M0505OAAWXM821,W Bags,1
M0505OAHGXM54H,W Bags,1
M0505OAHGXM716,W Bags,1
M0505OAJXM36E,W Bags,1
M0505OAWAXM25Y,W Bags,1
M0505OAWAXM85B,W Bags,1
M0505OAYCM49E,W Bags,1
M0505OAZEXM334,W Bags,1
M0505OAZEXM43R,W Bags,1
M0505OAZEXM50R,W Bags,1
M0505OAZEXM900,W Bags,1
M0505OCALM12F,W Bags,1
M0505OCALM20Y,W Bags,1
M0505OCALM398,W Bags,1
M0505OCALM52P,W Bags,1
M0505OCEAM01H,W Bags,1
M0505OCEAM26Y,W Bags,1
M0505OCEAM68P,W Bags,1
M0505OCEAM900,W Bags,1
M0505OKARM49P,W Bags,1
M0505OLAAXM42R,W Bags,1
M0505OLDPXM06K,W Bags,1
M0505OLERXM282,W Bags,1
M0505OLERXM35M,W Bags,1
M0505OLEZM33U,W Bags,1
M0505OLEZM52H,W Bags,1
M0505OLEZM81B,W Bags,1
M0505OLGUM51E,W Bags,1
M0505OLMJXM090,W Bags,1
M0505OMAZM918,W Bags,1
M0505OMVDM808,W Bags,1
M0505ONXCM941,W Bags,1
M0505OOCCM14F,W Bags,1
M0505OOCCM43M,W Bags,1
M0505OOCCM50H,W Bags,1
M0505OOCCM97B,W Bags,1
M0505OPIIM03E,W Bags,1
M0505OPQKM918,W Bags,1
M0505ORAMM42E,W Bags,1
M0505ORBTM911,W Bags,1
M0505ORLVM30E,W Bags,1
M0505OROJM886,W Bags,1
M0505ORPDM911,W Bags,1
M0505ORQNM76E,W Bags,1
M0505ORUGM884,W Bags,1
M0505ORUMM20E,W Bags,1
M0505OSDMM941,W Bags,1
M0505OWCBM64P,W Bags,1
M0505OWCBM97B,W Bags,1
M0505OYECM20Y,W Bags,1
M0505PAAUXM66F,W Bags,1
M0505PAAWXM79B,W Bags,1
M0505PADVM030,W Bags,1
M0505PAHGXM50R,W Bags,1
M0505PAHKXM821,W Bags,1
M0505PAUGXM90B,W Bags,1
M0505PAWAXM649,W Bags,1
M0505PAZEXM463,W Bags,1
M0505PAZEXM531,W Bags,1
M0505PAZEXM631,W Bags,1
M0505PAZEXM659,W Bags,1
M0505PCALM010,W Bags,1
M0505PCALM900,W Bags,1
M0505PLAAXM282,W Bags,1
M0505PLERXM423,W Bags,1
M0505PLERXM49P,W Bags,1
M0505PRSTM939,W Bags,1
M0505SLOIM989,W Bags,1
M0505SNEAM900,W Bags,1
M05314AQVM924,W Bags,1
M0531JAAUXM334,W Bags,1
M0531JAAUXM645,W Bags,1
M0531JAAWXM423,W Bags,1
M0531JAAWXM81B,W Bags,1
M0531JAHGXM43R,W Bags,1
M0531JAHGXM463,W Bags,1
M0531JAHGXM631,W Bags,1
M0531JAWAXM253,W Bags,1
M0531JAWAXM428,W Bags,1
M0531JAWAXM649,W Bags,1
M0531JAZEXM463,W Bags,1
M0531JAZEXM550,W Bags,1
M0531JAZEXM716,W Bags,1
M0531JCYMXM41G,W Bags,1
M0531JLAAXM282,W Bags,1
M0531JLAAXM41G,W Bags,1
M0531NWDDM900,W Bags,1
M0531OAATM05Z,W Bags,1
M0531OAAUXM645,W Bags,1
M0531OAHGXM04B,W Bags,1
M0531OAHGXM334,W Bags,1
M0531OAHGXM531,W Bags,1
M0531OAHKXM81B,W Bags,1
M0531OALSM659,W Bags,1
M0531OAUGXM900,W Bags,1
M0531OAYCM80E,W Bags,1
M0531OAZEXM04B,W Bags,1
M0531OAZEXM10V,W Bags,1
M0531OCEPM00E,W Bags,1
M0531OLDPXM090,W Bags,1
M0531OLERXM41G,W Bags,1
M0531OLMJXM06K,W Bags,1
M0531OPBIM31E,W Bags,1
M0531OWCBM26Y,W Bags,1
M0531OWCBM41G,W Bags,1
M0531OWCBM90B,W Bags,1
M0531PAHKXM79B,W Bags,1
M0531PALSM10V,W Bags,1
M0531PAUGXM41G,W Bags,1
M0531PAZAXM941,W Bags,1
M0531PLAAXM030,W Bags,1
M0531PLAAXM574,W Bags,1
M0531PLDPXM06K,W Bags,1
M0531PWRTM116,W Bags,1
M0532OCALM25P,W Bags,1
M0532OCALM48H,W Bags,1
M0532OCALM52H,W Bags,1
M0538BCALM030,W Bags,1
M0538BCALM34G,W Bags,1
M0538BCALM900,W Bags,1
M0538ILOIM50P,W Bags,1
M0538ILOIM94B,W Bags,1
M0538OCALM22Y,W Bags,1
M0538OCALM35R,W Bags,1
M0538OCALM42R,W Bags,1
M0538OCALM43M,W Bags,1
M0538OCALM52R,W Bags,1
M0538OCALM90B,W Bags,1
M0538OCEAM26Y,W Bags,1
M0538OCEAM39U,W Bags,1
M0538OCEAM900,W Bags,1
M0538OZAQM68E,W Bags,1
M0538PCEAM97B,W Bags,1
M0540INEAM41G,W Bags,1
M0540ONGEM900,W Bags,1
M0540OROPM886,W Bags,1
M0540WRLXM956,W Bags,1
M0540WROIM00E,W Bags,1
M0540WTJAM929,W Bags,1
M0550BFTBXM912,W Bags,1
M0550OADUM11G,W Bags,1
M0550OWECM20G,W Bags,1
M0565BJHMXM911,W Bags,1
M0565BJHQXM884,W Bags,1
M0565BNGEM01Z,W Bags,1
M0565JAAUXM41G,W Bags,1
M0565JAAWXM55H,W Bags,1
M0565JAAWXM61P,W Bags,1
M0565JAHGXM10V,W Bags,1
M0565JAHGXM716,W Bags,1
M0565JAHGXM830,W Bags,1
M0565JAHKXM81B,W Bags,1
M0565JAWAXM428,W Bags,1
M0565JAWAXM90B,W Bags,1
M0565JAZEXM432,W Bags,1
M0565JAZEXM43R,W Bags,1
M0565JAZEXM900,W Bags,1
M0565JCHFXM030,W Bags,1
M0565JCYMXM253,W Bags,1
M0565JLDPXM13L,W Bags,1
M0565JLERXM030,W Bags,1
M0565OAAWXM50P,W Bags,1
M0565OAHGXM04B,W Bags,1
M0565OANHM06K,W Bags,1
M0565OANOXM07J,W Bags,1
M0565OAZEXM463,W Bags,1
M0565OCEAM41G,W Bags,1
M0565OCEAM900,W Bags,1
M0565OJRLM941,W Bags,1
M0565OJYDM946,W Bags,1
M0565OLERXM030,W Bags,1
M0565ONGEM116,W Bags,1
M0565ONGEM41G,W Bags,1
M0565ONGEM50P,W Bags,1
M0565OPQKM042,W Bags,1
M0565OREGM941,W Bags,1
M0565OREYM918,W Bags,1
M0565OREYM919,W Bags,1
M0565ORHMM842,W Bags,1
M0565ORHMM918,W Bags,1
M0565ORLKM59E,W Bags,1
M0565ORTNM918,W Bags,1
M0565ORWLM33E,W Bags,1
M0565ORZBM884,W Bags,1
M0565OSJBM932,W Bags,1
M0565OTBWM747,W Bags,1
M0565OTGYM932,W Bags,1
M0565OTQGM941,W Bags,1
M0565OTYGM886,W Bags,1
M0565OWAQM747,W Bags,1
M0565OWCBM900,W Bags,1
M0565PAAUXM01B,W Bags,1
M0565PAAUXM21Y,W Bags,1
M0565PAAUXM43R,W Bags,1
M0565PAHGXM04B,W Bags,1
M0565PAHGXM716,W Bags,1
M0565PAHGXM830,W Bags,1
M0565PAHKXM55H,W Bags,1
M0565PAUGXM01B,W Bags,1
M0565PAZEXM253,W Bags,1
M0565PAZEXM40M,W Bags,1
M0565PAZEXM432,W Bags,1
M0565PAZEXM43R,W Bags,1
M0565PAZEXM531,W Bags,1
M0565PAZEXM54H,W Bags,1
M0565PAZEXM716,W Bags,1
M0565PCYMXM253,W Bags,1
M0565PCYMXM25Y,W Bags,1
M0565PLAAXM423,W Bags,1
M0565PLAAXM49P,W Bags,1
M0565PLDPXM13L,W Bags,1
M0565PLMJXM13L,W Bags,1
M0565QJHAXM911,W Bags,1
M0565SFVKM900,W Bags,1
M0565SRBFM911,W Bags,1
M0565STBHM042,W Bags,1
M0565WWDOM057,W Bags,1
M0566ICBXM35U,W Bags,1
M0566INEAM90B,W Bags,1
M0566JAAWXM81B,W Bags,1
M0566JAHGXM659,W Bags,1
M0566JAHKXM423,W Bags,1
M0566JAWAXM25Y,W Bags,1
M0566JAWAXM428,W Bags,1
M0566JAWAXM85B,W Bags,1
M0566JAZEXM432,W Bags,1
M0566JAZEXM900,W Bags,1
M0566OAAUXM43R,W Bags,1
M0566OAAWXM81B,W Bags,1
M0566OAHGXM04B,W Bags,1
M0566OAZEXM10V,W Bags,1
M0566OAZEXM43R,W Bags,1
M0566OAZEXM50R,W Bags,1
M0566OCALM85B,W Bags,1
M0566OCYMXM253,W Bags,1
M0566ONGEM43M,W Bags,1
M0566ONGEM900,W Bags,1
M0566OROCM956,W Bags,1
M0566OWCBM41G,W Bags,1
M0566PAAUXM43R,W Bags,1
M0566PAAWXM821,W Bags,1
M0566PAUGXM21Y,W Bags,1
M0566PAUGXM43R,W Bags,1
M0566PAUGXM66F,W Bags,1
M0566PAWAXM010,W Bags,1
M0566PAWAXM25Y,W Bags,1
M0566PAWAXM85B,W Bags,1
M0566PAWAXM90B,W Bags,1
M0566PAZEXM463,W Bags,1
M0566PCYMXM428,W Bags,1
M0566PCYMXM62P,W Bags,1
M0566PCYMXM649,W Bags,1
M0579CGSAM941,W Bags,1
M0579SLOCM989,W Bags,1
M0579SRCBM911,W Bags,1
M0584CGMJM911,W Bags,1
M0584CVVWM85B,W Bags,1
M0598CRMHM911,W Bags,1
M0598CVXNM911,W Bags,1
M0598CWSLM00E,W Bags,1
M0598VCUEM911,W Bags,1
M0598VRMIM06E,W Bags,1
M0686WJIYXM885,W Bags,1
M1241ORVJM956,W Bags,1
M1265ZRZBM884,W Bags,1
M1265ZTDTM16E,W Bags,1
M1271ZWAHM928,W Bags,1
M1272ZRGVM933,W Bags,1
M1272ZTYKM887,W Bags,1
M1272ZTYMM886,W Bags,1
M1272ZWRGM939,W Bags,1
M1286VLLPM911,W Bags,1
M1286ZADKXM10V,W Bags,1
M1286ZADKM85B,W Bags,1
M1286ZBRAM042,W Bags,1
M1286ZBREM927,W Bags,1
M1286ZBREM956,W Bags,1
M1286ZGSBM49P,W Bags,1
M1286ZGSBM900,W Bags,1
M1286ZJAIM884,W Bags,1
M1286ZJATM925,W Bags,1
M1286ZJOVM928,W Bags,1
M1286ZOBSM42R,W Bags,1
M1286ZRAUM918,W Bags,1
M1286ZRGOM928,W Bags,1
M1286ZRHMM918,W Bags,1
M1286ZRHZM911,W Bags,1
M1286ZRIOM49E,W Bags,1
M1286ZRLDM976,W Bags,1
M1286ZRONM888,W Bags,1
M1286ZRUWM918,W Bags,1
M1286ZSQCM941,W Bags,1
M1286ZTGRM928,W Bags,1
M1286ZTQGM941,W Bags,1
M1286ZTQRM01E,W Bags,1
M1286ZTQUM01E,W Bags,1
M1286ZWRAM928,W Bags,1
M1286ZWVIM928,W Bags,1
M1291VRLEM884,W Bags,1
M1291VWAHM928,W Bags,1
M1293VRIWM928,W Bags,1
M1293VRIWM974,W Bags,1
M1296ZADKXM50R,W Bags,1
M1296ZADKM21Y,W Bags,1
M1296ZATWM928,W Bags,1
M1296ZDPRM879,W Bags,1
M1296ZEPRM941,W Bags,1
M1296ZGSBM21Y,W Bags,1
M1296ZGSBM41G,W Bags,1
M1296ZGSBM49P,W Bags,1
M1296ZGSBM90B,W Bags,1
M1296ZJATM925,W Bags,1
M1296ZJTAM932,W Bags,1
M1296ZJTKM932,W Bags,1
M1296ZJTQM932,W Bags,1
M1296ZJTYM932,W Bags,1
M1296ZRFQM912,W Bags,1
M1296ZRFZM929,W Bags,1
M1296ZRHTM927,W Bags,1
M1296ZRIWM929,W Bags,1
M1296ZROMM928,W Bags,1
M1296ZRWDM918,W Bags,1
M1296ZRWGM86E,W Bags,1
M1296ZSJDM928,W Bags,1
M1296ZTDTM932,W Bags,1
M1296ZWRIM884,W Bags,1
M1296ZWSOM90B,W Bags,1
M1692DNMJM41R,W Bags,1
M1692DNMJM81B,W Bags,1
M1693DNMJM81B,W Bags,1
M1710ZTEIM927,W Bags,1
M1710ZTEOM51E,W Bags,1
M3550HLEZJM58P,W Bags,1
M3550HLEZJM900,W Bags,1
M3551HCPOJM31G,W Bags,1
M446SCAATXM43R,W Bags,1
M446SCAHLXM030,W Bags,1
M446SCAHLXM225,W Bags,1
M446SCAHLXM40M,W Bags,1
M446SCAHLXM54H,W Bags,1
M446SCAHLXM830,W Bags,1
M446SCANGXM090,W Bags,1
M446SCCYRXM25Y,W Bags,1
M446SVAHLXM79B,W Bags,1
M446SVAHLXM830,W Bags,1
M447SCAATXM010,W Bags,1
M447SCAATXM66F,W Bags,1
M447SCAHLXM50R,W Bags,1
M447SCAHLXM531,W Bags,1
M447SCAHLXM659,W Bags,1
M447SCAHLXM821,W Bags,1
M447SCAHLXM830,W Bags,1
M447SCCYRXM010,W Bags,1
M447SCLMKXM090,W Bags,1
M447SCSRAM414,W Bags,1
M447SCUCSM30L,W Bags,1
M447SCUCSM95B,W Bags,1
M447SVAATXM010,W Bags,1
M447SVAATXM21Y,W Bags,1
M447SVAATXM43R,W Bags,1
M447SVAATXM830,W Bags,1
M447SVAHLXM50P,W Bags,1
M447SVAHLXM900,W Bags,1
M447SVCYRXM253,W Bags,1
M447SVCYRXM90B,W Bags,1
M447SVLEGXM41G,W Bags,1
M447SVLMKXM06K,W Bags,1
M500SJAAUXM01B,W Bags,1
M500SJAAUXM334,W Bags,1
M500SJAAWXM821,W Bags,1
M500SJAHGXM253,W Bags,1
M500SJAHGXM531,W Bags,1
M500SJAHKXM423,W Bags,1
M500SJAUGXM66F,W Bags,1
M500SJAWAXM85B,W Bags,1
M500SJAZEXM10V,W Bags,1
M500SJLAAXM49P,W Bags,1
M500SOAAWXM61P,W Bags,1
M500SOAAWXM79B,W Bags,1
M500SOAAWXM81B,W Bags,1
M500SOAHGXM50R,W Bags,1
M500SOANOXM07J,W Bags,1
M500SOAUGXM010,W Bags,1
M500SOAUGXM66F,W Bags,1
M500SOAWAXM253,W Bags,1
M500SOAWAXM41G,W Bags,1
M500SOAZEXM40M,W Bags,1
M500SOAZEXM900,W Bags,1
M500SOCYMXM253,W Bags,1
M500SOLAAXM574,W Bags,1
M500SOLAAXM839,W Bags,1
M500SOLERXM839,W Bags,1
M500SPAAUXM645,W Bags,1
M500SPAAWXM030,W Bags,1
M500SPAAWXM16Y,W Bags,1
M500SPAAWXM821,W Bags,1
M500SPAHGXM432,W Bags,1
M500SPAHKXM55H,W Bags,1
M500SPANHXM090,W Bags,1
M500SPANOXM07J,W Bags,1
M500SPAUGXM010,W Bags,1
M500SPAUGXM01B,W Bags,1
M500SPAWAXM253,W Bags,1
M500SPAZEXM04B,W Bags,1
M500SPAZEXM31G,W Bags,1
M500SPAZEXM830,W Bags,1
M500SPCYMXM62P,W Bags,1
M500SPCYMXM900,W Bags,1
M500SPLAAXM574,W Bags,1
M500SPLERXM423,W Bags,1
M500SPLERM631,W Bags,1
M505SJAAUXM21Y,W Bags,1
M505SJAAWXM61P,W Bags,1
M505SJAHGXM550,W Bags,1
M505SJAHGXM830,W Bags,1
M505SJANOXM07J,W Bags,1
M505SJAUGXM01B,W Bags,1
M505SJAWAXM428,W Bags,1
M505SJAWAXM90B,W Bags,1
M505SJAZEXM10V,W Bags,1
M505SJAZEXM334,W Bags,1
M505SJCYMXM41G,W Bags,1
M505SJLAAXM50H,W Bags,1
M505SJLDPXM06K,W Bags,1
M505SJLERXM574,W Bags,1
M505SOAAUXM43R,W Bags,1
M505SOAAWXM030,W Bags,1
M505SOAHGXM830,W Bags,1
M505SOAHGM900,W Bags,1
M505SOANHXM07J,W Bags,1
M505SOAUGXM010,W Bags,1
M505SOAZEXM225,W Bags,1
M505SOAZEXM334,W Bags,1
M505SOCHDXM030,W Bags,1
M505SOCPOM659,W Bags,1
M505SOLAAXM282,W Bags,1
M505SOLAAXM79B,W Bags,1
M505SOLAAXM839,W Bags,1
M505SOUCGM54P,W Bags,1
M505SPAAUXM830,W Bags,1
M505SPAAUXM90B,W Bags,1
M505SPAAWXM79B,W Bags,1
M505SPAHGXM253,W Bags,1
M505SPAHKXM423,W Bags,1
M505SPANHXM090,W Bags,1
M505SPAUGXM41G,W Bags,1
M505SPAWAXM253,W Bags,1
M505SPAYCM042,W Bags,1
M505SPAYCM935,W Bags,1
M505SPAZEXM463,W Bags,1
M505SPCHFXM030,W Bags,1
M505SPCYMXM253,W Bags,1
M505SPCYMXM25Y,W Bags,1
M505SPCYMXM649,W Bags,1
M505SPLAAXM49P,W Bags,1
M505SPLAAXM574,W Bags,1
M505SPLAAXM79B,W Bags,1
M505SPLERXM423,W Bags,1
M505SPLERXM839,W Bags,1
M5101CVQRM34G,W Bags,1
M531SJAAUXM334,W Bags,1
M531SJAAUXM43R,W Bags,1
M531SJAAWXM55H,W Bags,1
M531SJAHGXM334,W Bags,1
M531SJAHGXM659,W Bags,1
M531SJAHKXM423,W Bags,1
M531SJAUGXM334,W Bags,1
M531SJAWAXM90B,W Bags,1
M531SJCYMXM900,W Bags,1
M531SJLDPXM090,W Bags,1
M531SOAAWXM79B,W Bags,1
M531SOAHGXM253,W Bags,1
M531SOAHGXM54H,W Bags,1
M531SOAHKXM61P,W Bags,1
M531SOANHXM07J,W Bags,1
M531SOAYCM08Z,W Bags,1
M531SOAYCM808,W Bags,1
M531SOAYCM925,W Bags,1
M531SOAYCM960,W Bags,1
M531SOAZEXM463,W Bags,1
M531SOAZEXM900,W Bags,1
M531SOCHDXM030,W Bags,1
M531SOCYMXM900,W Bags,1
M531SPAAUXM645,W Bags,1
M531SPAAWXM821,W Bags,1
M531SPAHGXM04B,W Bags,1
M531SPAHGXM550,W Bags,1
M531SPAWAXM85B,W Bags,1
M531SPAYCM042,W Bags,1
M531SPAZEXM432,W Bags,1
M531SPAZEXM900,W Bags,1
M531SPCHFXM030,W Bags,1
M531SPCYMXM428,W Bags,1
M531SPLAAXM334,W Bags,1
M531SPLAAXM35M,W Bags,1
M531SPLERXM49P,W Bags,1
M531SPLMJXM06K,W Bags,1
M5400UBBUM900,W Bags,1
M565SJAAUXM645,W Bags,1
M565SJAAWXM16Y,W Bags,1
M565SJAHGXM253,W Bags,1
M565SJAHGXM31G,W Bags,1
M565SJAHGXM40M,W Bags,1
M565SJAHGXM631,W Bags,1
M565SJANOXM07J,W Bags,1
M565SJAUGXM334,W Bags,1
M565SJAWAXM41G,W Bags,1
M565SJAWAXM62P,W Bags,1
M565SJLAAXM282,W Bags,1
M565SJLAAXM423,W Bags,1
M565SJLERXM41G,W Bags,1
M565SOAAUXM21Y,W Bags,1
M565SOAAUXM41G,W Bags,1
M565SOAAUXM43R,W Bags,1
M565SOAAUXM830,W Bags,1
M565SOAHKXM55H,W Bags,1
M565SOAWAXM010,W Bags,1
M565SOAWAXM253,W Bags,1
M565SOAZEXM253,W Bags,1
M565SOCYMXM85B,W Bags,1
M565SOCYMXM900,W Bags,1
M565SOLAAXM41G,W Bags,1
M565SOLDPXM090,W Bags,1
M565SOLERXM839,W Bags,1
M565SPAAWXM50P,W Bags,1
M565SPAHGXM253,W Bags,1
M565SPAHGXM716,W Bags,1
M565SPAHKXM423,W Bags,1
M565SPAHKXM79B,W Bags,1
M565SPAUGXM010,W Bags,1
M565SPLAAXM423,W Bags,1
M565SPLAAXM574,W Bags,1
M565SPLDPXM06K,W Bags,1
M565SPLDPXM13L,W Bags,1
M566SJAAUXM010,W Bags,1
M566SJAAUXM253,W Bags,1
M566SJAHGXM40M,W Bags,1
M566SJAHGXM54H,W Bags,1
M566SJAHGXM830,W Bags,1
M566SJAHKXM423,W Bags,1
M566SJAUGXM41G,W Bags,1
M566SJAUGXM830,W Bags,1
M566SJAZEXM04B,W Bags,1
M566SJAZEXM432,W Bags,1
M566SJAZEXM550,W Bags,1
M566SJCYMXM41G,W Bags,1
M566SOAAUXM43R,W Bags,1
M566SOAAWXM50P,W Bags,1
M566SOAAWXM61P,W Bags,1
M566SOAAWXM821,W Bags,1
M566SOAHGXM04B,W Bags,1
M566SOAHGXM10V,W Bags,1
M566SOAHGXM716,W Bags,1
M566SOAUGXM01B,W Bags,1
M566SOAUGXM41G,W Bags,1
M566SOAWAXM010,W Bags,1
M566SOAWAXM85B,W Bags,1
M566SOAYCM925,W Bags,1
M566SOAZEXM334,W Bags,1
M566SOAZEXM631,W Bags,1
M566SOCYMXM25Y,W Bags,1
M566SPAAUXM645,W Bags,1
M566SPAAWXM16Y,W Bags,1
M566SPAUGXM21Y,W Bags,1
M566SPAZEXM31G,W Bags,1
M566SPAZEXM463,W Bags,1
M566SPAZEXM900,W Bags,1
M566SPCYMXM25Y,W Bags,1
M5802CVQRM47R,W Bags,1
M5870VRNJM939,W Bags,1
M6104SRMOM989,W Bags,1
M6209OOBRM933,W Bags,1
M6209OVWXM808,W Bags,1
M6702CLARM83B,W Bags,1
M6810CLARM42R,W Bags,1
M7003OAHCM12H,W Bags,1
M7003OAMIM690,W Bags,1
M7003OVKYM88K,W Bags,1
M7003OWEBM20G,W Bags,1
M8000CVYIM20J,W Bags,1
M8000SLAEM26E,W Bags,1
M8000VVQVM900,W Bags,1
M8000VWCMM911,W Bags,1
M8001CLLMM900,W Bags,1
M8641UAYCM62E,W Bags,1
M8641UAYCM925,W Bags,1
M8641UBBUM39U,W Bags,1
M8641ULJGM889,W Bags,1
M8641UPZGM889,W Bags,1
M8720OZVJM900,W Bags,1
M8721OZVJM45U,W Bags,1
M9000CHECM920,W Bags,1
M9002CDMCM49E,W Bags,1
M9002VWSBM911,W Bags,1
M9203CMOSM46E,W Bags,1
M9203CTZQM928,W Bags,1
M9203IBAVM50P,W Bags,1
M9203JFIAM884,W Bags,1
M9203JKARM49P,W Bags,1
M9203SBAVM989,W Bags,1
M9203UAAUXM900,W Bags,1
M9203UAHKXM50P,W Bags,1
M9203UAHKXM50R,W Bags,1
M9203UAJJM889,W Bags,1
M9203UAYCM49E,W Bags,1
M9203UCHFXM030,W Bags,1
M9203UCYMXM010,W Bags,1
M9203UIABM53E,W Bags,1
M9203ULERXM334,W Bags,1
M9203ULERXM839,W Bags,1
M9203ULEZM52R,W Bags,1
M9203UMBEM925,W Bags,1
M9203UMOSM02E,W Bags,1
M9203UMOSM381,W Bags,1
M9203UMOSM46E,W Bags,1
M9203UMOSM70E,W Bags,1
M9203UMOSM747,W Bags,1
M9203UMOSM828,W Bags,1
M9203UTFQM928,W Bags,1
M9203UTZQM932,W Bags,1
M9203UWDIM59E,W Bags,1
M9203UWFOM76E,W Bags,1
M9203UYECM90B,W Bags,1
M9204IBAVM90B,W Bags,1
M9204UAAUXM253,W Bags,1
M9204UAHKXM225,W Bags,1
M9204UAHKXM716,W Bags,1
M9204UAYCM61E,W Bags,1
M9204UCHFXM030,W Bags,1
M9204UCYMXM25Y,W Bags,1
M9204UCYMXM85B,W Bags,1
M9204ULERXM423,W Bags,1
M9204UMOAM918,W Bags,1
M9204UMOSM49E,W Bags,1
M9204UPBVM16E,W Bags,1
M9204UQTDM75E,W Bags,1
M9204USJCM928,W Bags,1
M9206UAYCM61E,W Bags,1
M9206ULMJM17L,W Bags,1
M9206UMOSM941,W Bags,1
M9206UPIXM46E,W Bags,1
M9206UPIXM914,W Bags,1
M9208JKARM49P,W Bags,1
M9208OBAEM900,W Bags,1
M9208PSKCM26L,W Bags,1
M9208UBAEM39U,W Bags,1
M9208USKCM27L,W Bags,1
M9218BNNAM900,W Bags,1
M9220UPGOM900,W Bags,1
M9220UWBVM918,W Bags,1
M9230UMOSM53E,W Bags,1
M9241BNGKM030,W Bags,1
M9241BNGKM41G,W Bags,1
M9241BNGKM900,W Bags,1
M9241UAJYM31E,W Bags,1
M9241UGCOM030,W Bags,1
M9241UJALM042,W Bags,1
M9241UVIXM08Z,W Bags,1
M9241UWHCM26Y,W Bags,1
M9241UWHCM35R,W Bags,1
M9241UWHCM68P,W Bags,1
M9241WNGIM35R,W Bags,1
M9242BWDEM090,W Bags,1
M9242UAYCM808,W Bags,1
M9242UNGKM70H,W Bags,1
M9242UTHRM928,W Bags,1
M9242UTHYM926,W Bags,1
M9242UTIZM16E,W Bags,1
M9242UVIXM50H,W Bags,1
M9242UWHCM35U,W Bags,1
M9242UWHCM48M,W Bags,1
M9242UWHCM81B,W Bags,1
M9242WNGIM35R,W Bags,1
M9242WTJFM924,W Bags,1
M9248UINEM925,W Bags,1
M9306UAYCM61E,W Bags,1
M9317UAYCM925,W Bags,1
M9317UMMNM918,W Bags,1
M9317UTZQM928,W Bags,1
M9319UMOLM39U,W Bags,1
M9319UMOLM59H,W Bags,1
M9319UTZQM928,W Bags,1
M9320UMOBM62E,W Bags,1
M9323UMOLM49P,W Bags,1
M9327UAQGM43U,W Bags,1
M9327UMOLM81P,W Bags,1
M9333UMOFM45U,W Bags,1
VRB44560N0,W Bags,1
KCB052VNIS19O,W Shoes,4
KCB384TFLS33G,W Shoes,4
KCB384VNRS03W,W Shoes,4
KCB405VEVS900,W Shoes,4
KCB427SEHS90Z,W Shoes,4
KCB444VNIS23R,W Shoes,4
KCB460GGNS900,W Shoes,4
KCB501GLRS15G,W Shoes,4
KCB535PCOS17X,W Shoes,4
KCB585ELFS70K,W Shoes,4
KCB608RMES89Z,W Shoes,4
KCB608TJES34G,W Shoes,4
KCB637CRUS900,W Shoes,4
KCB650VNIS900,W Shoes,4
KCB651ACAS900,W Shoes,4
KCB668DGES10W,W Shoes,4
KCB692LBOS33M,W Shoes,4
KCB698ACAS900,W Shoes,4
KCB704MNYS92Z,W Shoes,4
KCB710CCUS24R,W Shoes,4
KCB737SRXS900,W Shoes,4
KCB756PGPS900,W Shoes,4
KCB777PGOS900,W Shoes,4
KCB805VNIS18U,W Shoes,4
KCC200TFLS33R,W Shoes,4
KCC200VNRS08U,W Shoes,4
KCC200VNRS41P,W Shoes,4
KCC201LARS23R,W Shoes,4
KCC201TFLS33R,W Shoes,4
KCC201TFLS900,W Shoes,4
KCC201VNRS28R,W Shoes,4
KCC201VNRS900,W Shoes,4
KCC204VMOS57K,W Shoes,4
KCC207KGRS05W,W Shoes,4
KCC211LABS900,W Shoes,4
KCI010LLRS59K,W Shoes,4
KCI434SSDS23X,W Shoes,4
KCI446PAES89Z,W Shoes,4
KCI491CFMS900,W Shoes,4
KCI521MRLS900,W Shoes,4
KCI536WLAS11X,W Shoes,4
KCI536WLAS35X,W Shoes,4
KCI543ACAS900,W Shoes,4
KCI544TWWS11X,W Shoes,4
KCI589VEAS900,W Shoes,4
KCI592VSOS900,W Shoes,4
KCI601CFMS16T,W Shoes,4
KCI612VSOS900,W Shoes,4
KCI661RCAS10W,W Shoes,4
KCI663CFFS900,W Shoes,4
KCI668VEAS03W,W Shoes,4
KCI670EBRS29U,W Shoes,4
KCI675SCRS46X,W Shoes,4
KCI675SCRS52X,W Shoes,4
KCI677OSYS900,W Shoes,4
KCI678WLBS900,W Shoes,4
KCI685SNYS42W,W Shoes,4
KCI717VEAS900,W Shoes,4
KCI736CQCS900,W Shoes,4
KCI743VVVS900,W Shoes,4
KCI762NSRS03W,W Shoes,4
KCI762NSRS900,W Shoes,4
KCI770VSOS03W,W Shoes,4
KCI781VEAS17X,W Shoes,4
KCI802CQCS900,W Shoes,4
KCI813PLFS71K,W Shoes,4
KCI853CYCS20X,W Shoes,4
KCI882RUBS12U,W Shoes,4
KCI885VSOS900,W Shoes,4
KCK177CVAS06W,W Shoes,4
KCK177CVAS12X,W Shoes,4
KCK179CVAS06W,W Shoes,4
KCK196CYES21X,W Shoes,4
KCK208RBES89Z,W Shoes,4
KCK211DAMS17X,W Shoes,4
KCK211DLPS26U,W Shoes,4
KCK211FWYS900,W Shoes,4
KCK211RMES89Z,W Shoes,4
KCK211TJUS60W,W Shoes,4
KCK222NGGS12U,W Shoes,4
KCK222NGGS14F,W Shoes,4
KCK222NGGS33R,W Shoes,4
KCK222NGGS49P,W Shoes,4
KCK222NRLS20W,W Shoes,4
KCK224KPES70B,W Shoes,4
KCK228RPMS12U,W Shoes,4
KCK231TLCS33R,W Shoes,4
KCK231TLCS900,W Shoes,4
KCK233TOKS56B,W Shoes,4
KCK260TPNS29W,W Shoes,4
KCK267NPUS11X,W Shoes,4
KCK276NKRS900,W Shoes,4
KCK278BCRS29W,W Shoes,4
KCK278BCRS31W,W Shoes,4
KCK278CRRS10W,W Shoes,4
KCK278CRRS900,W Shoes,4
KCK281FEJS03J,W Shoes,4
KCK299CNFS10W,W Shoes,4
KCK299CNFS12U,W Shoes,4
KCK299CNFS900,W Shoes,4
KCK302ZPNS17X,W Shoes,4
KCK304CVES03W,W Shoes,4
KCK306PUCS19W,W Shoes,4
KCK306PUVS09W,W Shoes,4
KCK307DMNS03W,W Shoes,4
KCK309DTNS52P,W Shoes,4
KCK311VEAS10W,W Shoes,4
KCK311VEAS900,W Shoes,4
KCK315NYFS900,W Shoes,4
KCK318CMPS10W,W Shoes,4
KCK325VEAS19O,W Shoes,4
KCK327NVCS92Z,W Shoes,4
KCK327NYVS09W,W Shoes,4
KCK331CQCS03W,W Shoes,4
KCK341TKTS56X,W Shoes,4
KCK343LKNS59K,W Shoes,4
KCK351POBS56B,W Shoes,4
KCK353MCMS900,W Shoes,4
KCK354MLMS49K,W Shoes,4
KCK364LOBS24W,W Shoes,4
KCK365OBUS29W,W Shoes,4
KCK369VESS09W,W Shoes,4
KCK382POBS56B,W Shoes,4
KCL024CFMS900,W Shoes,4
KCM195JACS11X,W Shoes,4
KCP233LAMS46K,W Shoes,4
KCP233VVVS12U,W Shoes,4
KCP261LSRS12U,W Shoes,4
KCP261SSIS900,W Shoes,4
KCP268SPRS900,W Shoes,4
KCP306TFLS20X,W Shoes,4
KCP345VEVS900,W Shoes,4
KCP347LABS03W,W Shoes,4
KCP378BPES89Z,W Shoes,4
KCP394SCAS900,W Shoes,4
KCP406VVVS12U,W Shoes,4
KCP407VVVS900,W Shoes,4
KCP417SSYS900,W Shoes,4
KCP462PTRS900,W Shoes,4
KCP463VVVS900,W Shoes,4
KCP479LABS08U,W Shoes,4
KCP500MRGS12U,W Shoes,4
KCP520PESS44P,W Shoes,4
KCP523PSSS44P,W Shoes,4
KCP549ECFS21U,W Shoes,4
KCP674TFPS36X,W Shoes,4
KCP712SWLS66K,W Shoes,4
KCP761BXES71B,W Shoes,4
KCP761GRBS15X,W Shoes,4
KCP761ONYS17X,W Shoes,4
KCP762BXES91B,W Shoes,4
KCP762GRYS26X,W Shoes,4
KCP762PSJS26X,W Shoes,4
KCP762TJUS60W,W Shoes,4
KCP768PEMS42P,W Shoes,4
KCP820ACAS900,W Shoes,4
KCP845ACAS900,W Shoes,4
KCP859SRVS16T,W Shoes,4
KCP867MLUS72K,W Shoes,4
KCP882EMRS33G,W Shoes,4
KCP882EMRS42P,W Shoes,4
KCP883EMRS42P,W Shoes,4
KCP902EMRS900,W Shoes,4
KCP928SRYS34R,W Shoes,4
KCP944MCMS12U,W Shoes,4
KCP945MCMS03W,W Shoes,4
KCP953DUFS900,W Shoes,4
KCP965TUES49X,W Shoes,4
KCQ122LAMS54K,W Shoes,4
KCQ166ERCS11X,W Shoes,4
KCQ166ERCS56B,W Shoes,4
KCQ200NGGS900,W Shoes,4
KCQ209BXES34R,W Shoes,4
KCQ209CNDS93B,W Shoes,4
KCQ209DLPS27G,W Shoes,4
KCQ209EKLS24H,W Shoes,4
KCQ209HRES95B,W Shoes,4
KCQ209IKES92B,W Shoes,4
KCQ209LPES46H,W Shoes,4
KCQ209TDES42H,W Shoes,4
KCQ209TJES34G,W Shoes,4
KCQ209ZPES24Y,W Shoes,4
KCQ215VVVS33R,W Shoes,4
KCQ237VVVS900,W Shoes,4
KCQ244BXES34R,W Shoes,4
KCQ244CHRS83B,W Shoes,4
KCQ244ELFS75K,W Shoes,4
KCQ244ERCS16V,W Shoes,4
KCQ244LUCS70K,W Shoes,4
KCQ244RMES89Z,W Shoes,4
KCQ244TIES74B,W Shoes,4
KCQ244TJUS17F,W Shoes,4
KCQ266VEAS03W,W Shoes,4
KCQ266VEAS33H,W Shoes,4
KCQ266VEAS900,W Shoes,4
KCQ275VEAS03W,W Shoes,4
KCQ278WLBS900,W Shoes,4
KCQ304CRCS19O,W Shoes,4
KCQ305CRCS26U,W Shoes,4
KCQ351CDMS56B,W Shoes,4
KCQ351CTDS21H,W Shoes,4
KCQ351LNYS29X,W Shoes,4
KCQ358ERCS56B,W Shoes,4
KCQ369VEAS900,W Shoes,4
KCQ390VEAS54H,W Shoes,4
KCQ390VEAS93B,W Shoes,4
KCQ420ERCS13T,W Shoes,4
KCQ431OBYS33G,W Shoes,4
KCQ439VEAS900,W Shoes,4
KCQ510CFMS16T,W Shoes,4
KCQ535NGGS12U,W Shoes,4
KCQ536CSTS04X,W Shoes,4
KCQ538VEAS900,W Shoes,4
KCQ539LCVS59K,W Shoes,4
KCQ547LABS09N,W Shoes,4
KCQ547LCVS84K,W Shoes,4
KCQ549FWLS900,W Shoes,4
KCQ550FFES92Z,W Shoes,4
KCQ550TJUS74W,W Shoes,4
KCQ551ESKS20T,W Shoes,4
KCQ551ESKS23R,W Shoes,4
KCQ567NNPS66W,W Shoes,4
KCQ567NPTS77W,W Shoes,4
KCQ699SQSS75K,W Shoes,4
KCQ707LCSS62K,W Shoes,4
KCQ713VEAS16F,W Shoes,4
KCQ713VEAS42W,W Shoes,4
KCQ717VEAS42W,W Shoes,4
KCQ718LABS38M,W Shoes,4
KCQ718LABS71B,W Shoes,4
KCQ730CQCS900,W Shoes,4
KCQ744GWRS56X,W Shoes,4
KCQ751FLHS39R,W Shoes,4
KCQ775LABS03W,W Shoes,4
KCQ789SQRS71K,W Shoes,4
KCQ789SQRS75K,W Shoes,4
KCQ795CSTS05X,W Shoes,4
KCQ810XLCS03W,W Shoes,4
KCQ835LAMS49K,W Shoes,4
KCQ855SBSS30Y,W Shoes,4
KCQ858SBXS70K,W Shoes,4
KCQ858SBXS89K,W Shoes,4
KDB164SCAS900,W Shoes,4
KDB501GLRS900,W Shoes,4
KDB578TJES36W,W Shoes,4
KDB585DLPS26U,W Shoes,4
KDB585EETS89Z,W Shoes,4
KDB585IKES34U,W Shoes,4
KDB585PJUS26X,W Shoes,4
KDB585ZEBS89Z,W Shoes,4
KDB692LBOS33M,W Shoes,4
KDB704LNYS26U,W Shoes,4
KDB717ACAS44W,W Shoes,4
KDB720ACAS33R,W Shoes,4
KDB720ACAS900,W Shoes,4
KDB749ACAS20X,W Shoes,4
KDB756PGPS900,W Shoes,4
KDB759ACAS11H,W Shoes,4
KDB778PGPS900,W Shoes,4
KDB805VNIS03W,W Shoes,4
KDB805VNIS900,W Shoes,4
KDC200TFLS33G,W Shoes,4
KDC200TFLS43P,W Shoes,4
KDC201TFLS900,W Shoes,4
KDC201VNRS03W,W Shoes,4
KDC201VNRS33R,W Shoes,4
KDI492SURS11H,W Shoes,4
KDI492SURS12U,W Shoes,4
KDI500MRLS31X,W Shoes,4
KDI521MRLS900,W Shoes,4
KDI531SHCS31X,W Shoes,4
KDI592VSOS900,W Shoes,4
KDI594LABS33R,W Shoes,4
KDI607VSOS900,W Shoes,4
KDI609VSOS900,W Shoes,4
KDI611SCNS52X,W Shoes,4
KDI613VEAS900,W Shoes,4
KDI694XLCS20X,W Shoes,4
KDI701CFRS11X,W Shoes,4
KDI717VEAS900,W Shoes,4
KDI774VEAS900,W Shoes,4
KDI780VEAS03W,W Shoes,4
KDI781VEAS17X,W Shoes,4
KDI794TFCS900,W Shoes,4
KDI851ROYS900,W Shoes,4
KDI866CRUS03W,W Shoes,4
KDI884VSOS900,W Shoes,4
KDI906TFCS21M,W Shoes,4
KDP261LSRS900,W Shoes,4
KDP345VEVS14V,W Shoes,4
KDP439TLSS900,W Shoes,4
KDP510RPRS12U,W Shoes,4
KDP512KEFS16V,W Shoes,4
KDP523PSSS44P,W Shoes,4
KDP546LABS900,W Shoes,4
KDP556PLRS17X,W Shoes,4
KDP598TNRS36X,W Shoes,4
KDP613WLAS11X,W Shoes,4
KDP618ACAS36X,W Shoes,4
KDP673PCOS17X,W Shoes,4
KDP761BXES34R,W Shoes,4
KDP761GRBS15X,W Shoes,4
KDP761TJES34G,W Shoes,4
KDP761TJES46P,W Shoes,4
KDP761TJUS76W,W Shoes,4
KDP839LMSS71K,W Shoes,4
KDP841VNIS19O,W Shoes,4
KDP854SURS12U,W Shoes,4
KDP866EFRS11H,W Shoes,4
KDP867CHSS900,W Shoes,4
KDP867EFRS10W,W Shoes,4
KDP867EFRS34R,W Shoes,4
KDP867LCSS49K,W Shoes,4
KDP867MPPS19W,W Shoes,4
KDP882EMRS900,W Shoes,4
KDP890RCES50P,W Shoes,4
KDP909CCFS900,W Shoes,4
KDP916LNYS27G,W Shoes,4
KDP924VEAS03W,W Shoes,4
KDP926LABS03W,W Shoes,4
KDP930RCES900,W Shoes,4
KDP931VSOS900,W Shoes,4
KDP967PPWS17X,W Shoes,4
KDP976GWRS56X,W Shoes,4
KDQ134SSDS21X,W Shoes,4
KDQ229VEAS900,W Shoes,4
KDQ263ACAS62B,W Shoes,4
KDQ708ESKS62H,W Shoes,4
KDQ713VEAS18Y,W Shoes,4
KDQ731CQCS33G,W Shoes,4
KDQ754PGPS900,W Shoes,4
KDQ788SQPS900,W Shoes,4
KDQ853SBXS70K,W Shoes,4
KDV031SGRS900,W Shoes,4
KDV039LEKS01W,W Shoes,4
KDV042VNIS900,W Shoes,4
CD040110A0010000,Watches,5
CD040110A0230000,Watches,5
CD040110A0270000,Watches,5
CD040110M0020000,Watches,5
CD040110M0030000,Watches,5
CD040110M0040000,Watches,5
CD040112A0010000,Watches,5
CD040112A0030000,Watches,5
CD040112A0050000,Watches,5
CD04011X10020000,Watches,5
CD040120M0010000,Watches,5
CD040150A0010000,Watches,5
CD040153A0050000,Watches,5
CD04015X10010000,Watches,5
CD040160A0040000,Watches,5
CD040167A0010000,Watches,5
CD040169M0010000,Watches,5
CD04016FA0010000,Watches,5
CD04016KA0010000,Watches,5
CD04016X10970000,Watches,5
CD040175A0020000,Watches,5
CD0411KX10010000,Watches,5
CD042110M0010000,Watches,5
CD043115M0010000,Watches,5
CD04355X10040000,Watches,5
CD04355X10050000,Watches,5
CD043560A0130000,Watches,5
CD043561A0010000,Watches,5
CD043950A0010000,Watches,5
CD043951A0020000,Watches,5
CD043951A0030000,Watches,5
CD043965A0010000,Watches,5
CD043971A0050000,Watches,5
CD043971A0080000,Watches,5
CD04711X10010000,Watches,5
CD047120M0010000,Watches,5
CD047123M0010000,Watches,5
CD047151A0010000,Watches,5
CD084510A0010000,Watches,5
CD084610A0030000,Watches,5
CD112110M0020000,Watches,5
CD112114M0010000,Watches,5
CD113111M0010000,Watches,5
CD113113M0010000,Watches,5
CD11311GM0010000,Watches,5
CD113513M0010000,Watches,5
CD11431CM0010000,Watches,5
CD114370A0030000,Watches,5
CD114561M0010000,Watches,5
CD115511M0010000,Watches,5
CD1221E2C0010000,Watches,5
CD1235E3C0010000,Watches,5
CD1235F4C0010000,Watches,5
CD1235F5C0010000,Watches,5
CD1245E0C0010000,Watches,5
CD1245E6C0010000,Watches,5
CD1245F2C0010000,Watches,5
CD124BH1C0010000,Watches,5
CD124BH4A0010000,Watches,5
CD124BH6A0010000,Watches,5
CD1331KX11280000,Watches,5
CD13352X10690000,Watches,5
CD13356ZA0040000,Watches,5
CD13356ZA0060000,Watches,5
CD13357ZA0070000,Watches,5
CD13416ZA0040000,Watches,5
CD13416ZA0070000,Watches,5
CD13416ZA0080000,Watches,5
CD13416ZA0190000,Watches,5
CD13416ZA0280000,Watches,5
CD13416ZA0360000,Watches,5
CD13416ZA0490000,Watches,5
CD13416ZA0540000,Watches,5
CD13457ZA0030000,Watches,5
CD1345IZA0020000,Watches,5
CD143112M0010000,Watches,5
CD143117M0010000,Watches,5
CD144512M0010000,Watches,5
CD144514M0010000,Watches,5
CD144515M0010000,Watches,5
CD152110M0020000,Watches,5
CD152110M0040000,Watches,5
CD152112A0010000,Watches,5
CD152113A0010000,Watches,5
CD152510M0030000,Watches,5
CD153B10M0010000,Watches,5
CD153B5ZA0030000,Watches,5
CD153B5ZA0040000,Watches,5
CD153B6X10160000,Watches,5
CD153B6ZA0130000,Watches,5
CD153B6ZA0210000,Watches,5
CD153B6ZA0270000,Watches,5
CD153B70A0020000,Watches,5
CD153B70A0030000,Watches,5
CD153B71A0010000,Watches,5
CD153B7X10020000,Watches,5
CD153B7ZA0030000,Watches,5
CD153BIZA0150000,Watches,5
CD153BIZA0280000,Watches,5
CD18016X12020000,Watches,5
CD18111X10080000,Watches,5
CD18115X10770000,Watches,5
CD18117X10040000,Watches,5
CD18117X10050000,Watches,5
CD18117X10700000,Watches,5
CDBC040380000,Watches,5
CDBC040560000,Watches,5
CDBC040700000,Watches,5
CDBC040830000,Watches,5
CDBC041140000,Watches,5
CDBC080030000,Watches,5
CDBC080060000,Watches,5
CDBC120130000,Watches,5
CDBC120230000,Watches,5
CDBC120300000,Watches,5
CDBC120350000,Watches,5
CDBC120440000,Watches,5
CDBC150200000,Watches,5
CDBC150510000,Watches,5
CDBM080100000,Watches,5
CDBM140070000,Watches,5
CDBM150050000,Watches,5
CDBM150060000,Watches,5
CDBM150070000,Watches,5
CDBZ040140000,Watches,5
CDBZ040240000,Watches,5
CDBZ120030000,Watches,5
CDBZ120040000,Watches,5
CDFE120060000,Watches,5
01CDO370I001C810,W Accessories,0
01DAN331I900C484,W Accessories,0
01DJW924I132C976,W Accessories,0
01DNY140I140C115,W Accessories,0
01DSI354I103C339,W Accessories,0
01DWC106I607C227,W Accessories,0
01DWT055I908C976,W Accessories,0
02JAL106I607C556,W Accessories,0
02JHB070I612C084,W Accessories,0
02JHE090I610C905,W Accessories,0
02JOU140I616C418,W Accessories,0
02MDA070I600C417,W Accessories,0
02TOJ331I904C418,W Accessories,0
04CAL140I630C346,W Accessories,0
04CAL140I630C545,W Accessories,0
04CAM331I928C570,W Accessories,0
04DAW331I910C528,W Accessories,0
04RIV106IMCOC583,W Accessories,0
04RIV106IMYKC583,W Accessories,0
04TDI106I607C642,W Accessories,0
04TDI923I154C642,W Accessories,0
05DCL313I009C082,W Accessories,0
11ABC106F600C340,W Accessories,0
11ABC106G600C640,W Accessories,0
11ABC106H600C850,W Accessories,0
11ABC106P600C620,W Accessories,0
11DIL106I602C412,W Accessories,0
11DIL106I602C512,W Accessories,0
11FUR400G801C540,W Accessories,0
11FUR650A820C900,W Accessories,0
11MIF070I601C080,W Accessories,0
11TDI103I007C102,W Accessories,0
11TDJ801I901C613,W Accessories,0
11ZOD351I151C084,W Accessories,0
11ZOD370I002C084,W Accessories,0
12DOB986X135C300,W Accessories,0
12DPL090I606C382,W Accessories,0
12DPL106I606C682,W Accessories,0
12DPY090I607C380,W Accessories,0
12DST140I927C420,W Accessories,0
12DST140I927C526,W Accessories,0
12PCP070I137C586,W Accessories,0
12TOJ090I605C613,W Accessories,0
12TOJ300I002C543,W Accessories,0
12TOJ370I628C410,W Accessories,0
12TOJ370I628C531,W Accessories,0
14DDN978A133C568,W Accessories,0
14DMP106I601C972,W Accessories,0
14FDM106I620C540,W Accessories,0
14JOU370I900C246,W Accessories,0
14JOU370I900C413,W Accessories,0
14JOU370I900C613,W Accessories,0
14LEO106I600C413,W Accessories,0
14MYK106I620C540,W Accessories,0
14SOC503A203C685,W Accessories,0
15CAN988X134C652,W Accessories,0
15CAN988X134C900,W Accessories,0
15CON070I606C342,W Accessories,0
15CON106I606C511,W Accessories,0
15DAL715G175C367,W Accessories,0
15DAW350I194C529,W Accessories,0
15DMA918G134C170,W Accessories,0
15DOB070I600C140,W Accessories,0
15DOB140I162C736,W Accessories,0
15DOB370I020C540,W Accessories,0
15DOB923X134C569,W Accessories,0
15DWI754I177C540,W Accessories,0
15JOU090I602C585,W Accessories,0
15JOU106I602C107,W Accessories,0
15JOU106I602C805,W Accessories,0
15LEO210I090C180,W Accessories,0
15MIF070I611C420,W Accessories,0
15MIF090I611C545,W Accessories,0
15MON055I601C520,W Accessories,0
15MON106I601C420,W Accessories,0
15ZOD055I607C900,W Accessories,0
15ZOD090I607C900,W Accessories,0
15ZOD350I195C080,W Accessories,0
21DST070I605CO90,W Accessories,0
21DST106I605CO90,W Accessories,0
21GRE920G131CO90,W Accessories,0
21MIF140I621C428,W Accessories,0
21MON055I621C021,W Accessories,0
21MON055I623C024,W Accessories,0
21SOC505A205CO90,W Accessories,0
21SPO720I200C540,W Accessories,0
21TAR090I609C527,W Accessories,0
21TAR090I614C336,W Accessories,0
22ANP090I610C204,W Accessories,0
22ANP350I100C431,W Accessories,0
22CAN350I040C810,W Accessories,0
22DOB120I601C541,W Accessories,0
22FLP070I615C335,W Accessories,0
22FLP300I003C335,W Accessories,0
22JOU331I903C527,W Accessories,0
22JOU331I903C587,W Accessories,0
22TJS986X135C585,W Accessories,0
24BTI923I150C083,W Accessories,0
24HAT959A130C900,W Accessories,0
24JOU331I906C432,W Accessories,0
24PCO106I611C988,W Accessories,0
24RIV106ICAPC506,W Accessories,0
24RIV106IMYKC506,W Accessories,0
24TJV978X132C246,W Accessories,0
24TJV978X132C506,W Accessories,0
24VIB922E132C080,W Accessories,0
24ZOF090I610C971,W Accessories,0
24ZOF106I610C530,W Accessories,0
24ZOF106I610C971,W Accessories,0
25CAN090I608C420,W Accessories,0
25DAL716I175C087,W Accessories,0
25DOB140I160C415,W Accessories,0
25DOB701I099C540,W Accessories,0
25GLO750G900C229,W Accessories,0
25GLO750G900C629,W Accessories,0
25JAH106I606C528,W Accessories,0
25JAH155I606C087,W Accessories,0
25PDP202I001C089,W Accessories,0
25RIV303I008C171,W Accessories,0
25SOD500L200C529,W Accessories,0
25TAR090I610C405,W Accessories,0
30MNR2FXR30B0,W Accessories,0
30MNRIR10A1,W Accessories,0
30MNTGN11EDO7,W Accessories,0
30MNTGN8072K,W Accessories,0
30MNTGNSZJ1I,W Accessories,0
30MTBUXR55F1,W Accessories,0
30MTS3UXR12A1,W Accessories,0
30MTS4UXGF0GP,W Accessories,0
30MTSUMR41A0,W Accessories,0
30MTSUR14A0,W Accessories,0
31CAN307I173C530,W Accessories,0
31PDP236W906C933,W Accessories,0
31REV090I616C625,W Accessories,0
31REV350L016CO90,W Accessories,0
32DBF924X175C900,W Accessories,0
32DOB301I130C525,W Accessories,0
32PAR090I600C980,W Accessories,0
32SOC501A200C031,W Accessories,0
63ABC106A600C540,W Accessories,0
63ABC106H600C730,W Accessories,0
71ASF140I174C969,W Accessories,0
71ASF140I183C969,W Accessories,0
71BEE202G686C900,W Accessories,0
71DOB308A186C140,W Accessories,0
71DOB308A186C502,W Accessories,0
71MEW106I614C020,W Accessories,0
71MEW106I614C900,W Accessories,0
73CAN140A630C408,W Accessories,0
76CON140I171C949,W Accessories,0
76CON140I181C949,W Accessories,0
76MTA106I639C015,W Accessories,0
76TAR070I633C015,W Accessories,0
76TAR070I635C015,W Accessories,0
76TAR070I639C015,W Accessories,0
81ABC106X600C702,W Accessories,0
81ABC106Z600C024,W Accessories,0
81DLA308A090C405,W Accessories,0
81FLO055I605C900,W Accessories,0
81MAP090I614C025,W Accessories,0
81PAH055I608C380,W Accessories,0
84FON090I623C415,W Accessories,0
84JAD706I092C540,W Accessories,0
85GIN106I601C540,W Accessories,0
85MYK106I626C029,W Accessories,0
85MYK140I900C029,W Accessories,0
85NON308I001C026,W Accessories,0
85PEA055I611C818,W Accessories,0
86ATY920G130C900,W Accessories,0
86MAS106I600C412,W Accessories,0
86MDR106I603C305,W Accessories,0
86MST106I619C203,W Accessories,0
86SPI055I606C016,W Accessories,0
86STR202I615C970,W Accessories,0
91DDO055I607C340,W Accessories,0
91DED090I603C529,W Accessories,0
91DFI140I057C340,W Accessories,0
91DTR070I606C320,W Accessories,0
91DTR070I606C520,W Accessories,0
91ESD960G167C105,W Accessories,0
91GLO750X500C525,W Accessories,0
91JOU302I140C340,W Accessories,0
92DIO800R950C195,W Accessories,0
92DIO800U950C195,W Accessories,0
92DIO800Z950C195,W Accessories,0
92DIO804A950C195,W Accessories,0
92KAL106I604C689,W Accessories,0
92RID380I060C840,W Accessories,0
92TDB331I314C587,W Accessories,0
92TDM106I611C486,W Accessories,0
94ATY985A893C900,W Accessories,0
94CAN140A351C405,W Accessories,0
94CDO301I614C547,W Accessories,0
94DMD070I619C518,W Accessories,0
94POD055I608C509,W Accessories,0
94RAY106IFDMC512,W Accessories,0
94RAY106IMYKC312,W Accessories,0
94RAY106IMYKC612,W Accessories,0
94ROY106I602C615,W Accessories,0
94TOJ106I600C312,W Accessories,0
94TOJ331I904C312,W Accessories,0
94TOJ923I130C512,W Accessories,0
95DAM055I904C906,W Accessories,0
95ESC090I603C304,W Accessories,0
95JAD318I176C027,W Accessories,0
95MIS140I192C480,W Accessories,0
95TAR140I102C680,W Accessories,0
95TJC070I605C304,W Accessories,0
95TJC140I602C500,W Accessories,0
95TJE106I601C900,W Accessories,0
95TJE314I140C304,W Accessories,0
ATTITUDE22M01I,W Accessories,0
B0042CWGHM01Z,W Accessories,0
B0042CWGHM44M,W Accessories,0
B0042CWGHM97B,W Accessories,0
B0046UNPYM900,W Accessories,0
B0049CNOHM911,W Accessories,0
B0077UVWVM01Z,W Accessories,0
B0077UVWVM49P,W Accessories,0
B0078UVWVM35U,W Accessories,0
B0082USGEM929,W Accessories,0
B0082UVWVM900,W Accessories,0
B0109USGAM928,W Accessories,0
B0110BMETM02X,W Accessories,0
B0154UMETM22J,W Accessories,0
B0178UWGAM939,W Accessories,0
B0262WWPOM939,W Accessories,0
B0278BWFSM900,W Accessories,0
B0292UWFRM030,W Accessories,0
B0299BWFEM900,W Accessories,0
B0309UBDIM900,W Accessories,0
B0385CVWUM398,W Accessories,0
B0385CVWUM45U,W Accessories,0
B0385CVWUM47R,W Accessories,0
B0408CVWVM41R,W Accessories,0
B0422OWFRM50U,W Accessories,0
B04256EASM911,W Accessories,0
B0618ADRCYD908,W Accessories,0
B0628DMRLQD911,W Accessories,0
B0642DSEMTD300,W Accessories,0
B0647ADRRSD682,W Accessories,0
B0647ADRRSD684,W Accessories,0
B0647ADRRSD691,W Accessories,0
B0845CDLCYD12P,W Accessories,0
B0921DMRLQD919,W Accessories,0
B0947SLECYD301,W Accessories,0
B0961ADRCOD01Y,W Accessories,0
B0961ADRCOD356,W Accessories,0
B0961ADRCOD807,W Accessories,0
B0961ADRCOD863,W Accessories,0
B0961ADRCOD878,W Accessories,0
B0961ADRCODIB2,W Accessories,0
B0961ADRCODIB3,W Accessories,0
B0961ADRCODMK4,W Accessories,0
B1065TDDCYD805,W Accessories,0
B1067DMRLQD309,W Accessories,0
B1071ADRMTD820,W Accessories,0
B1092ADRCYD908,W Accessories,0
B1104DBLCYD102,W Accessories,0
B1191DBHGMD840,W Accessories,0
B1204DBHMTD840,W Accessories,0
B1288CDLCYD301,W Accessories,0
B1314MTGMTD907,W Accessories,0
B1330ADRMTD304,W Accessories,0
B1372CDNLQD874,W Accessories,0
B1433DIDLQD301,W Accessories,0
B1438ADRCOD073,W Accessories,0
B1439ADRCOD042,W Accessories,0
B1521PTCMTD300,W Accessories,0
B1543DHEVED309,W Accessories,0
B1572CDNCYD336,W Accessories,0
B1583DVORSD009,W Accessories,0
B1593JGPPLD308,W Accessories,0
B1677WOMMTD300,W Accessories,0
B1734WOMCYD01L,W Accessories,0
BOBYB1UXR40C0,W Accessories,0
BOBYR1UXR10A0,W Accessories,0
BOBYR1UXR42FR,W Accessories,0
BOBYS2UXR10A1,W Accessories,0
CAMP0Z3ZK,W Accessories,0
CATSTYLE1SHKN0T,W Accessories,0
CLUB1CANR1611,W Accessories,0
CLUB1CPRG0Y07,W Accessories,0
CLUB1MKS15712,W Accessories,0
CLUB1MKSECG06,W Accessories,0
CLUB1PCVOTL00,W Accessories,0
CLUB1STZOTL00,W Accessories,0
CLUB371CHO,W Accessories,0
CLUBM2UXT31B8,W Accessories,0
CLUBM4UWR45A0,W Accessories,0
CLUBV1UXR11A0,W Accessories,0
CLUBV1UXRBLB0,W Accessories,0
CLUBV1UXT31B7,W Accessories,0
CLUBV1UXT31B8,W Accessories,0
CLUBV1UXT96A8,W Accessories,0
COLORQ1DDBSQ,W Accessories,0
COLORQ1FWMVC,W Accessories,0
COLORQ2YB7T4,W Accessories,0
COLORQ3LHFU1,W Accessories,0
DDIORCDCB2M,W Accessories,0
DIORAMA1TGW0J,W Accessories,0
DIORAMA8F0T41I,W Accessories,0
DIORCLAN108686,W Accessories,0
DIORCLAN2J5G1I,W Accessories,0
DIRECTIONDM2A9,W Accessories,0
DSGTA1UXR10A0,W Accessories,0
DSGTA3UXRB0B0,W Accessories,0
DSGTB1UXR10A0,W Accessories,0
DSGTB1UXR50B0,W Accessories,0
DSGTB2UZRF0A4,W Accessories,0
DSGTB3UTR69B0,W Accessories,0
DSGTB4IXR25D0,W Accessories,0
DSGTR1UXR10A0,W Accessories,0
DSGTR1UXR26A1,W Accessories,0
DSGTS1UXR10A0,W Accessories,0
DSGTS1UXR20B0,W Accessories,0
DSGTS1UXR26A1,W Accessories,0
DSGTS2UXR20B0,W Accessories,0
DSGTS6UXR10A0,W Accessories,0
DSGTS6UXR20B0,W Accessories,0
DSGTS7FXR10A0,W Accessories,0
DSGTS9UXR40F1,W Accessories,0
E0078GTSLQD308,W Accessories,0
E0375SCNMTD402,W Accessories,0
E0471TRIRSD301,W Accessories,0
E0640ADRCYD503,W Accessories,0
E0672TRECYD032,W Accessories,0
E0690DMUVED919,W Accessories,0
E0758TRIRSD909,W Accessories,0
E0770DVOMTD907,W Accessories,0
E0781TRIVED919,W Accessories,0
E0800TRECYD205,W Accessories,0
E0822TRILQD910,W Accessories,0
E0831TRICYD503,W Accessories,0
E0864PDSFWD301,W Accessories,0
E0902ADRMTD907,W Accessories,0
E0933PESRSD301,W Accessories,0
E0956TRIRSD304,W Accessories,0
E0970RNDCYD301,W Accessories,0
E1011ABCCYD301,W Accessories,0
E1012ABCRSD301,W Accessories,0
E1015ABCCYD801,W Accessories,0
E1017ABCCYD301,W Accessories,0
E1017ABCRSD301,W Accessories,0
E1018ABCRSD301,W Accessories,0
E1024ABCCYD801,W Accessories,0
E1029ABCCYD301,W Accessories,0
E1029ABCCYD801,W Accessories,0
E1030ABCCYD801,W Accessories,0
E1031ABCCYD301,W Accessories,0
E1036ABCCYD301,W Accessories,0
E1038TRICYD12P,W Accessories,0
E1045DSEMTD300,W Accessories,0
E1110ZADMTD300,W Accessories,0
E1144TRICYD908,W Accessories,0
E1146CDLCYD301,W Accessories,0
E1148MTGMTD300,W Accessories,0
E1156ADRCYD802,W Accessories,0
E1163DVOCYD301,W Accessories,0
E1180DMRLQD309,W Accessories,0
E1186TRIRSD946,W Accessories,0
E1267ADRCYD908,W Accessories,0
E1271TRIRSD908,W Accessories,0
E1278ADRCYD909,W Accessories,0
E1279ADRCYD908,W Accessories,0
E1285MTGLQD17S,W Accessories,0
E1301ABCCYD301,W Accessories,0
E1312ABCCYD301,W Accessories,0
E1324TRIGMD024,W Accessories,0
E1334DJRMTD300,W Accessories,0
E1368TRIFWD301,W Accessories,0
E1411TRICYD009,W Accessories,0
E1439TRIFWD332,W Accessories,0
E1456DVOCYD665,W Accessories,0
E1488TRIFWD864,W Accessories,0
E1504TRICYD665,W Accessories,0
E1517TRICYD665,W Accessories,0
E1525MTGRSD301,W Accessories,0
E1546TRICYD919,W Accessories,0
E1581DVOMTD300,W Accessories,0
E1588TRILQD307,W Accessories,0
E1594CDNMTD300,W Accessories,0
E1613CHALQD309,W Accessories,0
E1620PTCMTD300,W Accessories,0
E1634TRIRSD301,W Accessories,0
E1637TRITLD309,W Accessories,0
E1650PTCRSD301,W Accessories,0
E1654TRIRSD301,W Accessories,0
E1724TRIRSD301,W Accessories,0
E1740CDLCYD12P,W Accessories,0
E1754CDNRSD301,W Accessories,0
E1829TRIPLD372,W Accessories,0
E1835PTCVED307,W Accessories,0
E1858PTCCYD457,W Accessories,0
E1876CDNRSD301,W Accessories,0
E1911CDLCYD03S,W Accessories,0
E1914PTCCYD03S,W Accessories,0
E1915PTCCYD01L,W Accessories,0
E2014WOMRSD301,W Accessories,0
E2020WOMMTD300,W Accessories,0
E2026WOMCYD04L,W Accessories,0
E2086WOMRSD301,W Accessories,0
E2100WOMCYD09S,W Accessories,0
E2135WOMRSD301,W Accessories,0
E2189WOMGMD07O,W Accessories,0
E2275WOMCYD03S,W Accessories,0
EVDRAUQRB0B0,W Accessories,0
EVDRR1UQRD0F1,W Accessories,0
EVDRS1UQRB0G0,W Accessories,0
EVDRSUQRB0A1,W Accessories,0
EVDRSUQRB0G0,W Accessories,0
GAIA12J9O,W Accessories,0
JADIORKY2A9,W Accessories,0
LADYDIORS2ACI1I,W Accessories,0
LADYM1IXR95B0,W Accessories,0
LINK18079O,W Accessories,0
MISDB1UXRB0O0,W Accessories,0
MISDB1UXRH4C0,W Accessories,0
MISDB1UXRH4D0,W Accessories,0
MONSIEUR2XWY1I,W Accessories,0
N0685DPBCYD909,W Accessories,0
N0685DPBCYD942,W Accessories,0
N0700DBOMTD907,W Accessories,0
N0707TRERSD301,W Accessories,0
N0782VMXRSD909,W Accessories,0
N0881NSPLQD919,W Accessories,0
N0933LLOMTD907,W Accessories,0
N0967LAVCYD908,W Accessories,0
N0994ADRMTD652,W Accessories,0
N1033CDLCYD301,W Accessories,0
N1042ZADMTD300,W Accessories,0
N1042ZADVED917,W Accessories,0
N1048ZADMTD300,W Accessories,0
N1051ZADVED917,W Accessories,0
N1071DLSCYD301,W Accessories,0
N1075ADRCYD908,W Accessories,0
N1086DMRLQD309,W Accessories,0
N1106ANMRSD910,W Accessories,0
N1112ADRCYD908,W Accessories,0
N1113ADRCYD908,W Accessories,0
N1326DLCLQD665,W Accessories,0
N1339CDNMTD300,W Accessories,0
N1379CLOCYD301,W Accessories,0
N1417ANMRSD864,W Accessories,0
N1448MTGLQD307,W Accessories,0
N1494CHALQD310,W Accessories,0
N1496CHALQD304,W Accessories,0
N1517DVORSD301,W Accessories,0
N1559DIDLQD301,W Accessories,0
N1583DVOCYD301,W Accessories,0
N1588CDNLQD301,W Accessories,0
N1611DSGFWD301,W Accessories,0
N1687CSVPLD304,W Accessories,0
N1819PTCCYD03S,W Accessories,0
N1825PTCCYD665,W Accessories,0
N1834RVTLED801,W Accessories,0
N1845DVBRSD301,W Accessories,0
N1955WOMFWD301,W Accessories,0
N2002WOMFWD301,W Accessories,0
N2042WOMGMD307,W Accessories,0
N2044WOMCYD03S,W Accessories,0
NEWVOLUTERHLA9,W Accessories,0
NUANCEF35JKU,W Accessories,0
R0420BDBRCD909,W Accessories,0
R0571DMUVED911,W Accessories,0
R0706RODRSD908,W Accessories,0
R0711RNDCYD301,W Accessories,0
R0747DVOCYD908,W Accessories,0
R0941ADRCYD908,W Accessories,0
R0985DVOCYD301,W Accessories,0
R0986LCDCYD908,W Accessories,0
R0988CDLCYD301,W Accessories,0
R0999DLCLQD308,W Accessories,0
R1009DVOCYD009,W Accessories,0
R1045ANMRSD307,W Accessories,0
R1073ADRCYD875,W Accessories,0
R1109PTCCYD301,W Accessories,0
R1118DDMCYD314,W Accessories,0
R1140DVOCYD301,W Accessories,0
R1151ADRCYD908,W Accessories,0
R1203CSVPLD032,W Accessories,0
R1220DVOMTD300,W Accessories,0
R1315WOMRSD301,W Accessories,0
S8518ONMJM030,W Accessories,0
S8520CTZQM932,W Accessories,0
S8534CRKQM042,W Accessories,0
S8534CTYEM886,W Accessories,0
S8540CBTEM60E,W Accessories,0
S8540CBTEM702,W Accessories,0
S8540VBTEM941,W Accessories,0
S8543SBTNM941,W Accessories,0
S8552CJARM49E,W Accessories,0
S8552CRLAM884,W Accessories,0
S8553CBTEM417,W Accessories,0
S8553CBTEM932,W Accessories,0
S8555CTZQM932,W Accessories,0
S8557CEAUM933,W Accessories,0
S9166OMETM196,W Accessories,0
S9168OMETM196,W Accessories,0
S9173OMETM196,W Accessories,0
S9177OMETM196,W Accessories,0
S9192CMSWM911,W Accessories,0
S9199CMETM14J,W Accessories,0
S9202CMETM14J,W Accessories,0
S9202CMSWM911,W Accessories,0
S9212CMSWM911,W Accessories,0
S9215CMETM14J,W Accessories,0
S9219PMETM196,W Accessories,0
S9389OMETM196,W Accessories,0
S9401OMSWM911,W Accessories,0
S9452OECDM884,W Accessories,0
SOCIETY1DDB86,W Accessories,0
SOCIETY2FDDB86,W Accessories,0
SOCIETY3J5G9O,W Accessories,0
SOREALA3YG9P,W Accessories,0
SOREALUGKZ0J,W Accessories,0
SOSTELAIR1807YB,W Accessories,0
SOSTELAIR1SZJ86,W Accessories,0
SOSTELAIR38071I,W Accessories,0
SOSTELAIR3EPZYB,W Accessories,0
SPLIT1000DC,W Accessories,0
STELAIR1XSJ5GA9,W Accessories,0
STELLAIO3SJ5GKU,W Accessories,0
STELLAIRE1LKSA9,W Accessories,0
STELLAIRE4J5GW7,W Accessories,0
STRPCD1TK05,W Accessories,0
ULTDMURB0E0,W Accessories,0
V0455DVOCYD301,W Accessories,0
V0515ADRCYD908,W Accessories,0
V0543ABCCYD301,W Accessories,0
V0545ABCCYD301,W Accessories,0
V0550ABCCYD301,W Accessories,0
V0553ABCCYD301,W Accessories,0
V0660DVOCYD301,W Accessories,0
V0714CDLCYD301,W Accessories,0
V0772ADRCYD875,W Accessories,0
V0811MTGRSD908,W Accessories,0
V0935PTCLQD307,W Accessories,0
V0954BNDLED801,W Accessories,0
V1036WOMCYD03S,W Accessories,0
V1037WOMCYD03S,W Accessories,0
WLDRBUXR40A0,W Accessories,0
WLDRS2UXR30B0,W Accessories,0
